Workbook

Sheet xác định KMP
A5: A | B5: Mã Bravo | C5: Chi phí tiện ích chung
A6: 1 | B6: CP03-01 | C6: Điện | D6: CP Đích danh
A7: 2 | B7: CP03-02 | C7: Điện thoại bàn | D7: CP Phân bổ
A8: 3 | B8: CP03-03 | C8: Điện thoại di động | D8: CP Đích danh
A9: 4 | B9: CP03-04 | C9: Internet | D9: CP Phân bổ
A10: 5 | B10: CP03-05 | C10: Nước sinh hoạt | D10: CP Phân bổ
A11: 6 | B11: CP03-06 | C11: Nước uống | D11: CP Phân bổ
A12: 7 | B12: CP03-07 | C12: Chi phí xử lý chất thải (nước thải, rác, phí vệ sinh) | D12: CP Phân bổ
A13: 8 | B13: CP03-09 | C13: Xăng, dầu dùng cho quản lí văn phòng (xăng xe, nhiên liệu) | D13: CP Phân bổ
A14: 9 | B14: CP03-10 | C14: Phí môi trường (chăm sóc cây xanh, thảm cỏ) | D14: CP Phân bổ
A15: B | C15: Chi phí tiện ích văn phòng
A16: 10 | B16: CP04-01 | C16: Bưu phẩm, chuyển phát nhanh | D16: CP Phân bổ
A17: 11 | B17: CP04-02 | C17: Chi phí Photocopy (sao y, dịch thuật...) | D17: CP Phân bổ
A18: 12 | B18: CP04-04 | C18: Văn phòng phẩm (VPP văn phòng, vệ sinh phẩm, hóa phẩm) | D18: CP Đích danh
A19: 13 | B19: CP04-05 | C19: Chi phí trang trí văn phòng, quầy lễ tân | D19: CP Phân bổ
A20: 14 | B20: CP04-07 | C20: Chi phí in ấn (bao thư, namecard) | D20: CP Đích danh
A21: C | C21: Công tác phí
A22: 15 | B22: CP08-02 | C22: Chi phí khách sạn | D22: CP Đích danh
A23: 16 | B23: CP08-03 | C23: Chi phí vé máy bay, tàu xe, vé cầu đường | D23: CP Đích danh
A24: 17 | B24: CP08-04 | C24: Phụ cấp công tác phí (không bao gồm nhiên liệu) | D24: CP Đích danh
A25: D | C25: Hội họp và giao tế
A26: 18 | B26: CP09-02 | C26: Chi phí hội nghị (sơ kết, tổng kết) | D26: CP Phân bổ
A27: 19 | B27: CP09-04 | C27: Chi phí quà tặng cho mục đích giao tế (Không bao gồm chi phí tiếp khách phục vụ hoạt động KD) | D27: CP Phân bổ
A28: 20 | B28: CP04-06 | C28: Chi phí họp nội bộ, chi phí huấn luyện , tự đào tạo | D28: CP Phân bổ
A29: 21 | B29: CP08-01 | C29: Chi phí tiếp khách (bao gồm chi phí phòng chờ phục khách hàng trong Sr) | D29: CP Phân bổ
A30: E | C30: Chi phí quản lý tài sản
A31: 22 | B31: CP04-03 | C31: Công cụ dụng cụ (mua sắm bàn ghế, máy tính văn phòng…) | D31: CP Phân bổ
A32: 23 | B32: CP01 -22 | C32: Sữa chữa, bảo dưỡng TTB,CCDC HC | D32: CP Phân bổ
A33: F | C33: Hành chính nhân viên
A34: 24 | B34: CP02-04 | C34: Tiền cơm, tiền ăn | D34: CP Đích danh
A35: 25 | B35: CP03-08 | C35: Gas (phục vụ bếp ăn, nấu nướng) | D35: CP Phân bổ
A36: 26 | B36: CP02-15 | C36: Chi phí khám sức khỏe định kỳ | D36: CP Phân bổ
A37: 27 | B37: CP02-09 | C37: Đồng phục, bảo hộ LĐ | D37: CP Phân bổ
A38: G | C38: Chi phí thuê ngoài
A39: 28 | B39: CP07-04 | C39: Thuê xe (Không bao gồm CP thuê xe Demo) | D39: CP Phân bổ
A40: 29 | B40: CP07-01 | C40: Thuê khác (không bao gồm chi phí thuê văn phòng) | D40: CP Phân bổ

Sheet KMP
A1: Nội dung khoản mục chi phí hành chính
A2: STT | B2: Khoản mục | C2: Tên Khoản mục | D2: Diễn giải khoản mục
A3: I | C3: Chi phí tiện ích chung
A4: 1 | B4: CP03-01 | C4: Điện | D4: - Ghi nhận toàn bộ các khoản chi phí sử dụng điện căn cứ theo hóa đơn của Cty Điện Lực - Phân bổ chi tiết cho bộ phận, phòng ban sử dụng - Trích trước chi phí tiền điện trong trường hợp hóa đơn về sau.
A5: 2 | B5: CP03-02 | C5: Điện thoại bàn | D5: - Ghi nhận toàn bộ các khoản chi phí sử dụng điện thoại bàn căn cứ theo hóa đơn của nhà cung cấp - Phân bổ chi tiết cho bộ phận, phòng ban sử dụng - Trích trước chi phí tiền điện trong trường hợp hóa đơn về sau.
A6: 3 | B6: CP03-03 | C6: Điện thoại di động | D6: Căn cứ theo danh sách nhân sự được hỗ trợ chi phí điện thoại di dộng theo tháng. Căn cứ vào định mức thực tế được công ty hỗ trợ cho nhân sự từng vị trí: Trường hợp chi phí sử dụng thực tế > định mức hỗ trợ: lấy số định mức hỗ trợ, truy thu phần chi phí sử dụng vượt định mức. Trường hợp chi phí sử dụng thực tế < định mức hỗ trợ: lấy số chi phí sử dụng thực tế. Trường hợp định mức Thanh toán theo thực tế: lấy số chi phí sử dụng thực tế. Sim Hotline: định mức 200,000đ/tháng/sim, giao cụ thể 01 cá nhân quản lý, nếu chi phí sử dụng thực tế > định mức hỗ trợ: lấy số định mức hỗ trợ, truy thu phần chi phí sử dụng vượt định mức vào cá nhân quản lý. - Phân bổ chi tiết cho bộ phận, phòng ban sử dụng 'Lưu ý: Không hạch toán CP ĐTDĐ vào khoản mục CP02-13: Chi phí khác cho người lao động
A7: 4 | B7: CP03-04 | C7: Internet | D7: - Ghi nhận chi phí sử dụng Internet của đơn vị có phát sinh: + Chi phí sử dụng Internet + Cước truyển hình Cáp - Phân bổ chi tiết cho bộ phận, phòng ban sử dụng
A8: 5 | B8: CP03-05 | C8: Nước sinh hoạt | D8: - Ghi nhận các khoản chi phí sử dụng nước sinh hoạt, căn cứ theo chỉ số nước và hóa đơn của nhà cung cấp - Phân bổ chi tiết cho bộ phận, phòng ban sử dụng Lưu ý: Không đưa chi phí nước uống của CBCNV và nước chai Phục vụ khách hàng, hội họp vào CP 03-05
A9: 6 | B9: CP03-06 | C9: Nước uống | D9: - Ghi nhận các khoản chi phí sử dụng thức uống phục vụ cho nhu cầu làm việc của nhân viên gồm: Nước Bình, nước Chai (không phục vụ cho đào tạo, hội thao, hội nghị) - Phân bổ chi tiết cho bộ phận, phòng ban sử dụng Lưu ý: Chi phí nước chai tiếp khách đưa vào Khoản mục CP08-01: Chi phí tiếp khách.
A10: 7 | B10: CP03-07 | C10: Chi phí xử lý chất thải (nước thải, rác), phí vệ sinh | D10: - Ghi nhận các khoản chi phí xử lý chất thải sinh hoạt hàng tháng; - Phí xử lý chất thải nguy hại; xử lý nước thải công nghiệp. - Phí vệ sinh văn phòng, nhà xưởng, sân vườn; phí quét rác, lau chùi vệ sinh khuôn viên, nhà cửa. - Phí vệ sinh môi trường, Phí tài nguyên nước '- Không ghi nhận chi phí liên quan đến cây xanh trồng trên đất. - Giấy, nước rửa tay trong nhà vệ sinh đưa vào CP0 - Chi phí xử lý nhớt thải phân bổ vào KMP Chi phí khác của kinh doanh phục vụ
A11: 8 | B11: CP03-09 | C11: Xăng, dầu dùng cho quản lí văn phòng | D11: "- Ghi nhận vào KMP này các khoản như: + Chi phí xăng dầu xe công xa. + Nhiên liệu máy phát điện, máy cắt cỏ + Chi phí hỗ trợ xăng xe gắn máy cho CBCNV đi thị trường hội họp, đào tạo, huấn luyện, sơ kết, tổng kết. 'Lưu ý : + Chi phí xăng dầu hỗ trợ cho nhân viên đi thị trường đưa vào CP08- Chi phí công tác + Các chi phí xăng dầu sau không đưa vào CP03-09: - CP xăng dầu testdrive: Khoản mục CP 09-20: Chi phí lái thử xe - CP xăng dầu giao xe khách hàng: Khoản mục CP12-03: Chi phí giao hàng (vận chuyển, xăng , dầu …) hoặc Khoản mục - CP09-03: Chi phí khuyến mãi, quà tặng cho mục đích bán hàng. - CP xăng dầu ĐKĐK: Khoản mục CP12-02: Chi phí dịch vụ ra số. - CP xăng dầu xe trưng bày: Khoản mục CP12-07: Phí bảo quản xe trưng bày. - CP xăng dầu phát sinh khi sửa chữa lưu động: Khỏan mục CP05-01: Chi phí nguyên vật liệu ( dùng cho sản xuất) hoặc CP05-02: Chi phí nhiên liệu ( xăng, dầu, nhớt…dùng sản xuất)."
A12: 9 | B12: CP03-10 | C12: Phí môi trường (chăm sóc cây xanh, thảm cỏ) | D12: Ghi nhận các chi phí phát sinh bao gồm: - Chi phí hợp đồng cắt tỉa cây (thuê dịch vụ cắt tỉa cây, thuê nhân công cắt tỉa cây). - Chi phí thuê/mua, chăm sóc cây xanh, thảm cỏ xung quanh Sr. - Chi phí mua phân, thuốc bảo vệ thực vật,…. - Chi phí thuê máy cắt cỏ, xăng dầu dùng cho máy cắt cỏ. - Chi phí quan trắc môi trường. - Chi phí hút bể phốt. '-Chi phí thuê/mua cây xanh không trồng trên đất dùng để trưng bày trong văn phòng và các khoản chi phí chăm sóc các loại cây xanh này đưa vào Khoản mục CP04-05 Chi phí trang trí văn phòng, trang trí Quầy lễ tân
A13: II | C13: Chi phí tiện ích văn phòng
A14: 10 | B14: CP04-01 | C14: Bưu phẩm, chuyển phát nhanh | D14: - Ghi nhận các chi phí liên quan đến bưu phẩm, chuyển phát nhanh, chuyển thư : + Bao gồm: Gửi thư, tài liệu, hồ sơ, bưu kiện, gửi thư chiến dịch CSKH. - Hạch toán phân bổ cho từng BP sử dụng riêng Chi phí gửi thư chiến dịch CSKH dịch vụ--> Chi phí tổ chức sự kiện CP09-06
A15: 11 | B15: CP04-02 | C15: Chi phí Photocopy (sao y, dịch thuật...) | D15: - Chi phí dịch vụ photocopy tài liệu và dịch thuật mua ngoài. - Phí và lệ phí công chứng đưa vào khoản mục phí CP06- Phí và lệ phí
A16: 12 | B16: CP04-04 | C16: Văn phòng phẩm | D16: Văn phòng phẩm: giấy, bút, sổ tay cấp phát cho CB-NV,Chi phí làm Con dấu…
A17: 13 | B17: CP04-12 | C17: Tạp phẩm, hóa phẩm văn phòng | D17: Hóa phẩm vệ sinh, nước rửa tay, giấy VS, xịt khử mùi, hóa phẩm máy chà sàn,…
A18: 14 | B18: CP04-05 | C18: Chi phí trang trí văn phòng, quầy lễ tân | D18: "+ Chi phí mua hoa quầy lễ tân, hoa phòng chờ, cây thông noel, mai, đào tết... + Chi phí thuê, mua cây xanh trưng bày văn phòng + Chi phí chăm sóc cây xanh trưng bày văn phòng, hành lang, lối đi bao gồm: Phí cắt tỉa cây xanh, phân bón, thuốc trừ sâu cây xanh...E64 Lưu ý: CP hoa phục vụ testdrive: Khoản mục CP09-20: Chi phí lái thử xe. - Cây xanh hành lang, lối đi được trồng và chăm sóc trên đất đưa vào CP03-10 - Khuôn viên cây xanh, thảm cỏ
A19: 15 | B19: CP04-07 | C19: Chi phí in ấn (bao thư, namecard) | D19: - Bao gồm: + Chi phí liên quan đến bình mực cho máy in các loại, máy photo, máy fax,...bao gồm: mua mới, bơm mực, thay thế/sửa chữa: drum (trống), trục cao su, gạt mực,… + In namecard, In hóa đơn, bao thư, giấy ra cổng, sổ sách cho bảo vệ, lái xe,... + In băng rôn tuyển dụng, hiến máu, các bảng biển marketing khẩu hiệu.... + Chi phí thay thế , sửa chữa trục cao su ,gạt mực đơn vị đang cho vào CP10- Sửa chữa công cụ dụng cụ văn phòng & CP01-20 - Sửa chữa bảo trì TSCĐ (thiết bị dụng cụ quản lý) + In thẻ bảng tên CBCNV: đưa vào KMP CP02-09: đồng phục + BHLĐ + In băng rôn chương trình bán hàng, CSKH: Khoản mục: CP09-09: chi phí quảng cáo + In thư ngỏ, báo giá, catalogue,...: Khoản mục: CP09-08: Quảng cáo in ấn phẩm (catalogue, thư ngỏ, báo giá)
A20: 16 | B20: CP04-08 | C20: Chi phí hoạt động thư viện (sách, báo, …) | D20: - Chi phí báo chí cho BLĐ đơn vị, báo chí dùng chung & báo/tạp chí cho khách hàng, phòng chờ hàng ngày/tuần/tháng/quí.
A21: III | C21: Chi phí công tác
A22: 17 | B22: CP08-02 | C22: Chi phí khách sạn | D22: + Chi phí khách sạn, nhà nghỉ trong thời gian CBCNV đi công tác không phục vụ hoạt động giao xe, dịch vụ ra số, đào tạo huấn luyện, hội thao, hội nghị mang tính phúc lợi cho nhân viên như: hội họp, sơ kết, Tổng kết.... + CP khách sạn phát sinh khi sửa chữa lưu động. 'Chi phí khách sạn phát sinh khi giao xe: Khoản mục CP12-03: Chi phí giao hàng ( vận chuyển, xăng , dầu …) Chi phí khách sạn phát sinh khi ĐKĐK: Khoản mục CP12-02: Chi phí dịch vụ ra số
A23: 18 | B23: CP08-03 | C23: Chi phí vé máy bay, tàu xe, vé cầu đường | D23: Bao gồm: + Chi phí của CBCNV khi đi thị trường, hội họp, sơ kết, tổng kết bao gồm: + Chi phí vé máy bay, vé tàu, vé xe. + Chi phí vé cầu đường. + Chi phí taxi, xe ôm, xe buýt. + Chi phí taxi kế toán đi ngân hàng.. - Nắm rõ quy định của Cty về cấp bậc nhân sự được sử dụng phương tiện khi đi công tác tương ứng. - Nắm rõ giá vé đi lại từng loại phương tiện tại địa phương và từ địa phương đi/về Tp.HCM. Lưu ý danh sách CB biệt phái để lập chi phí tầu xe, máy bay về phép vào dịp Tết. Căn cứ chỉ tiêu kinh doanh bán hàng, họp để lập kế hoạch vé máy bay, cầu đường. Lưu ý: Chi phí vé máy bay, tàu xe, vé cầu đường phát sinh khi giao xe: Khoản mục CP12-03: Chi phí giao hàng ( vận chuyển, xăng , dầu …). CP vé máy bay, tàu, xe, vé cầu đường phát sinh khi ĐKĐK: Khoản mục CP12-02: Chi phí dịch vụ ra số. CP vé máy bay, tàu, xe, vé cầu đường phát sinh khi tham gia/ tố chức sự kiện: hạch toán vào Chi phí tổ chức sự kiện ( CP09-06). CP vé máy bay, cầu đường, tàu, xe phục vụ việc đào tạo, huấn luyện, hội thao, hội diễn mang tính phúc lợi cho cá nhân đưa vào CP02
A24: 19 | B24: CP08-04 | C24: Phụ cấp công tác phí | D24: Bao gồm: + Tiền cơm của CBCNV đi thị trường, hội họp, sơ kết, tổng kết. + Chi phí sinh hoạt phí khi đi thị trường, hội họp, sơ kết, tổng kết + Phụ cấp công tác phí phát sinh khi sửa chữa lưu động. + Chi phí xăng dầu hỗ trợ nhân viên đi thị trường trong trong trường hợp không dùng xe công vụ. - Phụ cấp công tác phí khi giao xe: Khoản mục CP12-03: Chi phí giao hàng (vận chuyển, xăng , dầu …). Phụ cấp công tác phí khi ĐKĐK: Khoản mục CP12-02: Chi phí dịch vụ ra số Tất cả các chi phí ăn uống, lưu trú và đi lại cho nhân sự đi tham gia/ tổ chức sự kiện đều hạch toán vào Chi phí tổ chức sự kiện ( CP09-06), định mức tùy vào tờ trình đươc duyệt ( nếu có) hoặc định mức công tác phí hiện hành
A25: IV | C25: Hội họp và giao tế | D25: #N/A
A26: 20 | B26: CP04-06 | C26: Chi phí họp nội bộ | D26: "- Bao gồm các chi phí liên quan đến công tác hậu cần phục vụ họp giao ban, đánh giá nhân sự: + In báo cáo; In bảng tên phuc vụ hội họp, hoa tươi + Chi phí thức uống (ngoài nước bình, nước đóng chai) như: Nước ngọt, café, nước ép... + Chi phí thực phẩm phục vụ hội họp: Bánh ngọt, trái cây.... + In ấn, tài liệu giáo án + Ăn uống (kể cả ăn ngoài giờ), teadresk, hoa tươi + Thuê máy chiếu, máy phát điện dự phòng, thuê bàn ghế, thuê giảng viên bên ngoài... + Thuê hội trường, thuê trang thiết bị bàn ghế phục vụ đào tạo"
A27: 21 | B27: CP04-11 | C27: Chi phí hội nghị sơ kết, tổng kết | D27: Các chi phí tổ chức hội nghị sơ kết, tổng kết: Dịch vụ tổ chức; trang trí, chuẩn bị địa điểm, phòng họp; Đồ dùng, thực phẩm phục vụ hội nghị
A28: 22 | B28: CP08-01 | C28: Tiếp khách mua xe/ bảo hiểm/ CQBN | D28: + Chi phí tiếp khách là cơ quan ban ngành (Bảo hiểm, ngân hàng,....) của các bộ phận nhằm tạo mối quan hệ + Chi phí tiếp khách là các cơ quan ban ngành (tiếp CSGT, ĐKĐK...)phục vụ bán xe của Bp Kinh doanh + Chi phí tiếp khách hàng mua xe, tiếp khách dịch vụ Lưu ý: + Chi phí mua hoa tặng khách tại lễ bàn giao xe của BP kinh doanh: Khoản mục CP12-03: Chi phí giao hàng '- Trường hợp đơn vị tiếp khách phục vụ bán hàng cho hoạt động xưởng không ghi nhận vào chi phí 627 mà chỉ được sử dụng chi phí 64* tương ứng
A29: 23 | B29: CP08-06 | C29: Tiếp khách phòng chờ | D29: Chi phí phòng chờ: nước chai, cafe, sữa, đường, bánh kẹo, trái cây,…
A30: 24 | B30: CP09-21 | C30: Chi phí quà tặng cho mục đích giao tế | D30: Chi phí quà tặng giao tế phục vụ cho mục đích ngoại giao: Công an, Quản lý thị trường, PCCC…
A31: V | C31: Chi phí quản lý tài sản
A32: 25 | B32: CP04-03 | C32: Công cụ dụng cụ văn phòng | D32: - Chi phí mua sắm công cụ dụng cụ và tài sản văn phòng, bao gồm công cụ dụng cụ thuê ngoài (hệ thống hoạt động độc lập, phân biệt với các CP sửa chữa trên): + Trang thiết bị văn phòng: bàn ghế; trang thiết bi CNTT, điện thoại bàn,… - Xuất kho CCDC ra sử dụng. Sử dụng mã TOL và TOS + Cần phân biệt với các chi phí sửa chữa CCDC ở KMP CP 01-22 - Sửa chữa, bảo trì CCDC
A33: 26 | B33: CP01-22 | C33: Sửa chữa, bảo trì thiết bị, CCDC | D33: - Ghi nhận các chi phí liên quan đến việc sửa chữa, bảo trì thiết bị CCDC tại văn phòng, xưởng sản xuất, công trường ( không Ghi nhận chi phí xây dựng cơ bản, chi phí nâng cấp công cụ dụng cụ, chi phí công cụ dụng cụ tiện ích sử dụng cho văn phòng) - xuất vật tư, CCDC phục vụ việc sửa chữa, bảo trì CCDC định kỳ Lưu ý: Đưa vào Mã Prel vs Pres
A34: 27 | B34: CP12-04 | C34: Chi phí xét xe, đăng kiểm xe công | D34: * Chi phí xét xe, đăng kiểm định ký của xe công. Lưu ý: Không hoạch toán phí đăng ký đăng kiểm xe công vào CP12-02 phí dịch vụ ra số
A35: 28 | B35: CP01-29 | C35: Khấu hao xe công | D35: - Khấu hao Xe công thuộc sở hữu của đơn vị
A36: VI | C36: Chi phí thuê ngoài
A37: 29 | B37: CP07-04 | C37: Thuê xe công | D37: "- Ghi nhận các chi phí thuê xe gồm: + Thuê xe công (Đối với việc thuê xe đưa đón CBNV đi làm hằng ngày thì ghi nhận vào CP02) + Thuê xe tập trung tham dự sơ kết, tổng kết KV & công ty '- Chi phí thuê xe cho các sự kiện: 8/3, hội thao, hội diễn mang tính phúc lợi cho nhân viên đưa vào CP02-03 -Chi phí thuê xe testdrive sử dụng khoản mục CP09-20: Chi phí lái thử xe, thuê xe trưng bày sử dụng khoản mục CP09-06: Chi phí tổ chức sự kiện (triễn lãm, hội chợ, roadshow)"
A38: 30 | B38: CP07-13 | C38: Thuê nhà công vụ | D38: + Chi phí thuê nhà công vụ: Là các chi phí phát sinh đến việc thuê nhà cho cán bộ có trách nhiệm đặc thù để ở, tiếp khách hoặc thực hiện các chức năng khác (Không bao gồm chi phí khách sạn cho cán bộ đi công tác) Lưu ý: Đối với chi phí thuê nhà tập thể cho cán bộ nhân viên ghi nhận vào CP02

Sheet KH CPHC 2026
A1: THACO AUTO Đồng Tháp Tổng CPHC
E2: Thực hiện 2025 | V2: KẾ HOẠCH QUÝ 1 NĂM 2026
C3: QIV | D3: Cả năm | E3: T1 | F3: T2 | G3: T3 | H3: QI | I3: T4 | J3: T5 | K3: T6 | L3: QII | M3: T7 | N3: T8 | O3: T9 | P3: QIII | Q3: T10 | R3: T11 | S3: T12 | T3: QIV | U3: Cả năm | V3: T1 | W3: T2 | X3: T3 | Y3: QI
A4: 1 | B4: Chi phí tiện ích chung | C4: 938.50707 | D4: 4260.3877 | E4: 325.11719 | F4: 298.112 | G4: 286.41563 | H4: 909.64482 | I4: 303.17621 | J4: 280.55977 | K4: 405.32442 | L4: 989.0604 | M4: 482.29416 | N4: 504.08671 | O4: ='QTCP Mỹ Tho'!E3+'QTCP Bến Tre'!E3+'QTCP Cao Lãnh'!E3+'QTCP Trà Vinh'!E3 -> 402.31084 | P4: =SUM(M4:O4) -> 1388.6917 | Q4: ='QTCP Mỹ Tho'!G3+'QTCP Bến Tre'!G3+'QTCP Cao Lãnh'!G3+'QTCP Trà Vinh'!G3 -> 370.13474 | R4: ='QTCP Mỹ Tho'!H3+'QTCP Bến Tre'!H3+'QTCP Cao Lãnh'!H3+'QTCP Trà Vinh'!H3 -> 373.54353 | S4: ='QTCP Mỹ Tho'!I3+'QTCP Bến Tre'!I3+'QTCP Cao Lãnh'!I3+'QTCP Trà Vinh'!I3 -> 389.90611 | T4: =SUM(Q4:S4) -> 1133.5844 | U4: =T4+P4+L4+H4 -> 4420.9813 | V4: ='QTCP Mỹ Tho'!L3+'QTCP Bến Tre'!L3+'QTCP Cao Lãnh'!L3+'QTCP Trà Vinh'!L3 -> 340.11363 | W4: ='QTCP Mỹ Tho'!M3+'QTCP Bến Tre'!M3+'QTCP Cao Lãnh'!M3+'QTCP Trà Vinh'!M3 -> 303.74972 | X4: ='QTCP Mỹ Tho'!N3+'QTCP Bến Tre'!N3+'QTCP Cao Lãnh'!N3+'QTCP Trà Vinh'!N3 -> 370.53815 | Y4: =SUM(V4:X4) -> 1014.4015
A5: 2 | B5: Chi phí tiện ích văn phòng | C5: 227.77132 | D5: 971.2537 | E5: 111.06993 | F5: 80.861302 | G5: 78.291855 | H5: 270.22309 | I5: 67.693609 | J5: 72.275747 | K5: 79.376307 | L5: 219.34566 | M5: 79.858641 | N5: 80.756828 | O5: ='QTCP Mỹ Tho'!E157+'QTCP Bến Tre'!E94+'QTCP Cao Lãnh'!E67+'QTCP Trà Vinh'!E94 -> 66.798322 | P5: =SUM(M5:O5) -> 227.41379 | Q5: ='QTCP Mỹ Tho'!G157+'QTCP Bến Tre'!G94+'QTCP Cao Lãnh'!G67+'QTCP Trà Vinh'!G94 -> 71.507481 | R5: ='QTCP Mỹ Tho'!H157+'QTCP Bến Tre'!H94+'QTCP Cao Lãnh'!H67+'QTCP Trà Vinh'!H94 -> 89.229706 | S5: ='QTCP Mỹ Tho'!I157+'QTCP Bến Tre'!I94+'QTCP Cao Lãnh'!I67+'QTCP Trà Vinh'!I94 -> 80.292551 | T5: =SUM(Q5:S5) -> 241.02974 | U5: =T5+P5+L5+H5 -> 958.01228 | V5: ='QTCP Mỹ Tho'!L157+'QTCP Bến Tre'!L94+'QTCP Cao Lãnh'!L67+'QTCP Trà Vinh'!L94 -> 61.655605 | W5: ='QTCP Mỹ Tho'!M157+'QTCP Bến Tre'!M94+'QTCP Cao Lãnh'!M67+'QTCP Trà Vinh'!M94 -> 58.752237 | X5: ='QTCP Mỹ Tho'!N157+'QTCP Bến Tre'!N94+'QTCP Cao Lãnh'!N67+'QTCP Trà Vinh'!N94 -> 57.454027 | Y5: =SUM(V5:X5) -> 177.86187
A6: 3 | B6: Chi phí công tác | C6: 77.521803 | D6: 391.46583 | E6: 20.259131 | F6: 20.706155 | G6: 33.196174 | H6: 74.16146 | I6: 24.260092 | J6: 16.167532 | K6: 24.75622 | L6: 65.183844 | M6: 26.216412 | N6: 19.942511 | O6: ='QTCP Mỹ Tho'!E277+'QTCP Bến Tre'!E165+'QTCP Cao Lãnh'!E117+'QTCP Trà Vinh'!E165 -> 17.296158 | P6: =SUM(M6:O6) -> 63.45508 | Q6: ='QTCP Mỹ Tho'!G277+'QTCP Bến Tre'!G165+'QTCP Cao Lãnh'!G117+'QTCP Trà Vinh'!G165 -> 22.389025 | R6: ='QTCP Mỹ Tho'!H277+'QTCP Bến Tre'!H165+'QTCP Cao Lãnh'!H117+'QTCP Trà Vinh'!H165 -> 25.118 | S6: ='QTCP Mỹ Tho'!I277+'QTCP Bến Tre'!I165+'QTCP Cao Lãnh'!I117+'QTCP Trà Vinh'!I165 -> 24.648194 | T6: =SUM(Q6:S6) -> 72.155219 | U6: =T6+P6+L6+H6 -> 274.9556 | V6: ='QTCP Mỹ Tho'!L277+'QTCP Bến Tre'!L165+'QTCP Cao Lãnh'!L117+'QTCP Trà Vinh'!L165 -> 12.944415 | W6: ='QTCP Mỹ Tho'!M277+'QTCP Bến Tre'!M165+'QTCP Cao Lãnh'!M117+'QTCP Trà Vinh'!M165 -> 10.743613 | X6: ='QTCP Mỹ Tho'!N277+'QTCP Bến Tre'!N165+'QTCP Cao Lãnh'!N117+'QTCP Trà Vinh'!N165 -> 15.218859 | Y6: =SUM(V6:X6) -> 38.906887
A7: 4 | B7: Hội họp và giao tế | C7: 171.69104 | D7: 705.6148 | E7: 124.54598 | F7: 47.364849 | G7: 87.338501 | H7: 259.24933 | I7: 47.608283 | J7: 49.493845 | K7: 58.687126 | L7: 155.78925 | M7: 69.531715 | N7: 46.39463 | O7: ='QTCP Mỹ Tho'!E329+'QTCP Bến Tre'!E196+'QTCP Cao Lãnh'!E139+'QTCP Trà Vinh'!E196 -> 61.736715 | P7: =SUM(M7:O7) -> 177.66306 | Q7: ='QTCP Mỹ Tho'!G329+'QTCP Bến Tre'!G196+'QTCP Cao Lãnh'!G139+'QTCP Trà Vinh'!G196 -> 56.142024 | R7: ='QTCP Mỹ Tho'!H329+'QTCP Bến Tre'!H196+'QTCP Cao Lãnh'!H139+'QTCP Trà Vinh'!H196 -> 48.759831 | S7: ='QTCP Mỹ Tho'!I329+'QTCP Bến Tre'!I196+'QTCP Cao Lãnh'!I139+'QTCP Trà Vinh'!I196 -> 47.921822 | T7: =SUM(Q7:S7) -> 152.82368 | U7: =T7+P7+L7+H7 -> 745.52532 | V7: ='QTCP Mỹ Tho'!L329+'QTCP Bến Tre'!L196+'QTCP Cao Lãnh'!L139+'QTCP Trà Vinh'!L196 -> 70.382677 | W7: ='QTCP Mỹ Tho'!M329+'QTCP Bến Tre'!M196+'QTCP Cao Lãnh'!M139+'QTCP Trà Vinh'!M196 -> 49.865438 | X7: ='QTCP Mỹ Tho'!N329+'QTCP Bến Tre'!N196+'QTCP Cao Lãnh'!N139+'QTCP Trà Vinh'!N196 -> 80.353284 | Y7: =SUM(V7:X7) -> 200.6014
A8: 5 | B8: Chi phí quản lý tài sản | C8: 573.32709 | D8: 2460.1683 | E8: 188.78858 | F8: 187.79054 | G8: 187.4437 | H8: 564.02283 | I8: 167.95022 | J8: 163.32496 | K8: 148.12339 | L8: 479.39857 | M8: 151.37592 | N8: 174.44028 | O8: ='QTCP Mỹ Tho'!E415+'QTCP Bến Tre'!E247+'QTCP Cao Lãnh'!E175+'QTCP Trà Vinh'!E247 -> 147.94072 | P8: =SUM(M8:O8) -> 473.75692 | Q8: ='QTCP Mỹ Tho'!G415+'QTCP Bến Tre'!G247+'QTCP Cao Lãnh'!G175+'QTCP Trà Vinh'!G247 -> 151.06454 | R8: ='QTCP Mỹ Tho'!H415+'QTCP Bến Tre'!H247+'QTCP Cao Lãnh'!H175+'QTCP Trà Vinh'!H247 -> 130.53079 | S8: ='QTCP Mỹ Tho'!I415+'QTCP Bến Tre'!I247+'QTCP Cao Lãnh'!I175+'QTCP Trà Vinh'!I247 -> 145.40439 | T8: =SUM(Q8:S8) -> 426.99971 | U8: =T8+P8+L8+H8 -> 1944.178 | V8: ='QTCP Mỹ Tho'!L415+'QTCP Bến Tre'!L247+'QTCP Cao Lãnh'!L175+'QTCP Trà Vinh'!L247 -> 118.65588 | W8: ='QTCP Mỹ Tho'!M415+'QTCP Bến Tre'!M247+'QTCP Cao Lãnh'!M175+'QTCP Trà Vinh'!M247 -> 114.22453 | X8: ='QTCP Mỹ Tho'!N415+'QTCP Bến Tre'!N247+'QTCP Cao Lãnh'!N175+'QTCP Trà Vinh'!N247 -> 117.62189 | Y8: =SUM(V8:X8) -> 350.5023
A9: 6 | B9: Chi phí thuê ngoài | C9: 40.884833 | D9: 380.51851 | E9: 30.937633 | F9: 30.801133 | G9: 29.6113 | H9: 91.350067 | I9: 30.8423 | J9: 29.5868 | K9: 30.8543 | L9: 91.2834 | M9: 30.8543 | N9: 30.8578 | O9: ='QTCP Mỹ Tho'!E484+'QTCP Bến Tre'!E288+'QTCP Cao Lãnh'!E204+'QTCP Trà Vinh'!E288 -> 30.8298 | P9: =SUM(M9:O9) -> 92.5419 | Q9: ='QTCP Mỹ Tho'!G484+'QTCP Bến Tre'!G288+'QTCP Cao Lãnh'!G204+'QTCP Trà Vinh'!G288 -> 30.99 | R9: ='QTCP Mỹ Tho'!H484+'QTCP Bến Tre'!H288+'QTCP Cao Lãnh'!H204+'QTCP Trà Vinh'!H288 -> 26.786 | S9: ='QTCP Mỹ Tho'!I484+'QTCP Bến Tre'!I288+'QTCP Cao Lãnh'!I204+'QTCP Trà Vinh'!I288 -> 26.658 | T9: =SUM(Q9:S9) -> 84.434 | U9: =T9+P9+L9+H9 -> 359.60937 | V9: ='QTCP Mỹ Tho'!L484+'QTCP Bến Tre'!L288+'QTCP Cao Lãnh'!L204+'QTCP Trà Vinh'!L288 -> 23.944 | W9: ='QTCP Mỹ Tho'!M484+'QTCP Bến Tre'!M288+'QTCP Cao Lãnh'!M204+'QTCP Trà Vinh'!M288 -> 23.944 | X9: ='QTCP Mỹ Tho'!N484+'QTCP Bến Tre'!N288+'QTCP Cao Lãnh'!N204+'QTCP Trà Vinh'!N288 -> 23.896 | Y9: =SUM(V9:X9) -> 71.784
A10: TỔNG | C10: =SUM(C4:C9) -> 2029.7032 | D10: =SUM(D4:D9) -> 9169.4089 | E10: =SUM(E4:E9) -> 800.71845 | F10: =SUM(F4:F9) -> 665.63598 | G10: =SUM(G4:G9) -> 702.29716 | H10: =SUM(H4:H9) -> 2168.6516 | I10: =SUM(I4:I9) -> 641.53072 | J10: =SUM(J4:J9) -> 611.40865 | ... Y10: =SUM(Y4:Y9) -> 1854.058
A11: Doanh thu | C11: 399675.93 | D11: 1271816.6 | E11: 67706.794 | F11: 80580.156 | G11: 109563.62 | H11: 263704.78 | I11: 110469.46 | J11: 108938.95 | K11: 140948.96 | L11: 359499.67 | M11: 98485.163 | N11: 94673.501 | O11: 105276.32 | P11: 356694.32 | Q11: 99168.36 | R11: 185397.96 | S11: 202459.21 | T11: 586676.33 | U11: 1566575.1
A12: Chi phí HC/ Doanh thu (%) | C12: =C10/C11 -> 0.0050783723 | D12: =D10/D11 -> 0.0072096943 | E12: =E10/E11 -> 0.011826264 | F12: =F10/F11 -> 0.0082605447 | G12: =G10/G11 -> 0.0064099484 | H12: =H10/H11 -> 0.0082237858 | I12: =I10/I11 -> 0.0058073128 | J12: =J10/J11 -> 0.0056123971 | ... Y12: =Y10/Y11 -> #DIV/0!
A13: Số lượng nhân sự | C13: 309 | D13: 309 | E13: 301 | F13: 300 | G13: 295 | H13: 295 | I13: 294 | J13: 291 | K13: 287 | L13: 287 | M13: 286 | N13: 284 | O13: 284 | P13: 284 | Q13: 266 | R13: 266 | S13: 266 | T13: 266 | U13: 266
A14: Chi phí HC/ Nhân sự (tr/đồng) | C14: =C10/C13/3 -> 2.1895395 | D14: =D10/D13/12 -> 2.4728719 | E14: =E10/E13 -> 2.6601942 | F14: =F10/F13 -> 2.2187866 | G14: =G10/G13 -> 2.3806683 | H14: =H10/H13/3 -> 2.4504538 | I14: =I10/I13 -> 2.1820773 | J14: =J10/J13 -> 2.1010607 | K14: =K10/K13 -> 2.6032117 | L14: =6.92252191986063/3 -> 2.3075073 | M14: 2.9230485 | N14: 2.9425417 | O14: 2.4948357 | P14: =8.33008282145329/3 -> 2.7766943 | Q14: 2.4915358 | R14: 2.4915358 | S14: 2.4915358 | T14: =7.47460748304498/3 -> 2.4915358 | U14: =30.1474471870819/12 -> 2.5122873
A15: Số lượng xe bán | C15: 572 | D15: 1814 | E15: 91 | F15: 129 | G15: 166 | H15: =SUM(E15:G15) -> 386 | I15: 162 | J15: 167 | K15: 179 | L15: =SUM(I15:K15) -> 508 | M15: 143 | N15: 149 | O15: 159 | P15: =SUM(M15:O15) -> 451 | Q15: 161 | R15: 272 | S15: 297 | T15: =SUM(Q15:S15) -> 730 | U15: =T15+P15+L15+H15 -> 2075

Sheet 1.Danh muc CPHC
A1: DANH MỤC CHI PHÍ HÀNH CHÍNH TẠI CTY TỈNH THÀNH | EK1: =40*26 -> 1040
A2: CÔNG TY THACO AUTO ĐỒNG THÁP | AO2: SHOWROOM MỸ THO | AT2: 2.4 | CC2: SHOWROOM CAI LẬY | DQ2: SHOWROOM BẾN TRE | FE2: SHOWROOM CAO LÃNH | GS2: SHOWROOM TRÀ VINH
BH3: Mỹ Tho | BK3: 0.3 | EJ3: Bến Tre | FX3: Cao Lãnh | HL3: Trà Vinh
A4: Stt | C4: Khoản mục phí | D4: Năm 2024 | F4: Thực hiện Năm 2025 | V4: Cả năm | W4: NĂM 2026 | AO4: Stt | AQ4: Khoản mục phí | AR4: Năm 2024 | AT4: Thực hiện Năm 2025 | BJ4: Cả năm | BK4: NĂM 2026 | CC4: Stt | CE4: Khoản mục phí | CF4: Năm 2024 | CH4: Thực hiện Năm 2025 | CX4: Cả năm | CY4: NĂM 2026 | DQ4: Stt | DS4: Khoản mục phí | DT4: Năm 2024 | DV4: Thực hiện Năm 2025 | EL4: Cả năm | EM4: NĂM 2026 | FE4: Stt | FG4: Khoản mục phí | FH4: Năm 2024 | FJ4: Thực hiện Năm 2025 | FZ4: Cả năm 2025 | GA4: NĂM 2026 | GS4: Stt | GU4: Khoản mục phí | GV4: Năm 2024 | GX4: Thực hiện Năm 2025 | HN4: Cả năm 2025 | HO4: NĂM 2026
D5: QIV | E5: Cả năm | F5: T1 | G5: T2 | H5: T3 | I5: Quý I | J5: T4 | K5: T5 | L5: T6 | M5: Quý II | N5: T7 | O5: T8 | P5: T9 | Q5: Quý III | R5: T10 | S5: T11 | T5: T12 | U5: Qúy IV | W5: T1 | X5: T2 | Y5: T3 | Z5: Qúy 1 | AA5: T4 | AB5: T5 | AC5: T6 | AD5: Qúy II | AE5: T7 | AF5: T8 | AG5: T9 | AH5: Qúy III | AI5: T10 | AJ5: T11 | AK5: T12 | AL5: Quý IV | AM5: Năm 2026 | AR5: QIV | AS5: Cả năm | AT5: T1 | AU5: T2 | AV5: T3 | AW5: Quý I | AX5: T4 | AY5: T5 | AZ5: T6 | BA5: Quý II | BB5: T7 | BC5: T8 | BD5: T9 | BE5: Quý III | BF5: T10 | BG5: T11 | BH5: T12 | BI5: Qúy IV | BK5: T1 | BL5: T2 | BM5: T3 | BN5: Qúy 1 | BO5: T4 | BP5: T5 | BQ5: T6 | BR5: Qúy II | BS5: T7 | BT5: T8 | BU5: T9 | BV5: Qúy III | BW5: T10 | BX5: T11 | BY5: T12 | BZ5: Quý IV | CA5: Năm 2026 | CF5: QIV | CG5: Cả năm | CH5: T1 | CI5: T2 | CJ5: T3 | CK5: Quý I | CL5: T4 | CM5: T5 | CN5: T6 | CO5: Quý II | CP5: T7 | CQ5: T8 | CR5: T9 | CS5: Quý III | CT5: T10 | CU5: T11 | CV5: T12 | CW5: Qúy IV | CY5: T1 | CZ5: T2 | DA5: T3 | DB5: Qúy 1 | DC5: T4 | DD5: T5 | DE5: T6 | DF5: Qúy II | DG5: T7 | DH5: T8 | DI5: T9 | DJ5: Qúy III | DK5: T10 | DL5: T11 | DM5: T12 | DN5: Quý IV | DO5: Năm 2026 | DT5: QIV | DU5: Cả năm | DV5: T1 | DW5: T2 | DX5: T3 | DY5: Quý I | DZ5: T4 | EA5: T5 | EB5: T6 | EC5: Quý II | ED5: T7 | EE5: T8 | EF5: T9 | EG5: Quý III | EH5: T10 | EI5: T11 | EJ5: T12 | EK5: Qúy IV | EM5: T1 | EN5: T2 | EO5: T3 | EP5: Qúy 1 | EQ5: T4 | ER5: T5 | ES5: T6 | ET5: Qúy II | EU5: T7 | EV5: T8 | EW5: T9 | EX5: Qúy III | EY5: T10 | EZ5: T11 | FA5: T12 | FB5: Quý IV | FC5: Năm 2026 | FH5: QIV | FI5: Cả năm | FJ5: T1 | FK5: T2 | FL5: T3 | FM5: Quý I | FN5: T4 | FO5: T5 | FP5: T6 | FQ5: Quý II | FR5: T7 | FS5: T8 | FT5: T9 | FU5: Quý III | FV5: T10 | FW5: T11 | FX5: T12 | FY5: Qúy IV | GA5: T1 | GB5: T2 | GC5: T3 | GD5: Qúy 1 | GE5: T4 | GF5: T5 | GG5: T6 | GH5: Qúy II | GI5: T7 | GJ5: T8 | GK5: T9 | GL5: Qúy III | GM5: T10 | GN5: T11 | GO5: T12 | GP5: Quý IV | GQ5: Năm 2026 | GV5: QIV | GW5: Cả năm | GX5: T1 | GY5: T2 | GZ5: T3 | HA5: Quý I | HB5: T4 | HC5: T5 | HD5: T6 | HE5: Quý II | HF5: T7 | HG5: T8 | HH5: T9 | HI5: Quý III | HJ5: T10 | HK5: T11 | HL5: T12 | HM5: Qúy IV | HO5: T1 | HP5: T2 | HQ5: T3 | HR5: Qúy 1 | HS5: T4 | HT5: T5 | HU5: T6 | HV5: Qúy II | HW5: T7 | HX5: T8 | HY5: T9 | HZ5: Qúy III | IA5: T10 | IB5: T11 | IC5: T12 | ID5: Quý IV | IE5: Năm 2026
C6: TỔNG CHI PHÍ | D6: =D7+D17+D25+D29+D35+D40 -> 2029.7032 | E6: =E7+E17+E25+E29+E35+E40 -> 9169.4089 | F6: =F7+F17+F25+F29+F35+F40 -> 800.71845 | G6: =G7+G17+G25+G29+G35+G40 -> 665.63598 | H6: =H7+H17+H25+H29+H35+H40 -> 702.29716 | I6: =I7+I17+I25+I29+I35+I40 -> 2168.6516 | J6: =J7+J17+J25+J29+J35+J40 -> 641.53072 | K6: =K7+K17+K25+K29+K35+K40 -> 611.40865 | ... AM6: =AM7+AM17+AM25+AM29+AM35+AM40 -> 208.53956 | AQ6: TỔNG CHI PHÍ | AR6: =AR7+AR17+AR25+AR29+AR35+AR40 -> 747.33089 | AS6: =AS7+AS17+AS25+AS29+AS35+AS40 -> 3494.878 | AT6: =AT7+AT17+AT25+AT29+AT35+AT40 -> 298.67444 | AU6: =AU7+AU17+AU25+AU29+AU35+AU40 -> 274.07063 | AV6: =AV7+AV17+AV25+AV29+AV35+AV40 -> 308.06608 | AW6: =AW7+AW17+AW25+AW29+AW35+AW40 -> 880.81115 | AX6: =AX7+AX17+AX25+AX29+AX35+AX40 -> 324.53435 | AY6: =AY7+AY17+AY25+AY29+AY35+AY40 -> 305.31667 | ... CA6: =CA7+CA17+CA25+CA29+CA35+CA40 -> 0 | CE6: TỔNG CHI PHÍ | CF6: =CF7+CF17+CF25+CF29+CF35+CF40 -> 139.02743 | CG6: =CG7+CG17+CG25+CG29+CG35+CG40 -> 1240.1713 | CH6: =CH7+CH17+CH25+CH29+CH35+CH40 -> 96.605263 | CI6: =CI7+CI17+CI25+CI29+CI35+CI40 -> 88.325222 | CJ6: =CJ7+CJ17+CJ25+CJ29+CJ35+CJ40 -> 89.918687 | CK6: =CK7+CK17+CK25+CK29+CK35+CK40 -> 274.84917 | CL6: =CL7+CL17+CL25+CL29+CL35+CL40 -> 0 | CM6: =CM7+CM17+CM25+CM29+CM35+CM40 -> 0 | ... CX6: =CX7+CX17+CX25+CX29+CX35+CX40 -> 274.84917 | DS6: TỔNG CHI PHÍ | DT6: =DT7+DT17+DT25+DT29+DT35+DT40 -> 385.84722 | DU6: =DU7+DU17+DU25+DU29+DU35+DU40 -> 1289.5166 | DV6: =DV7+DV17+DV25+DV29+DV35+DV40 -> 133.91551 | DW6: =DW7+DW17+DW25+DW29+DW35+DW40 -> 98.421609 | DX6: =DX7+DX17+DX25+DX29+DX35+DX40 -> 95.984577 | DY6: =DY7+DY17+DY25+DY29+DY35+DY40 -> 328.32169 | DZ6: =DZ7+DZ17+DZ25+DZ29+DZ35+DZ40 -> 101.2108 | EA6: =EA7+EA17+EA25+EA29+EA35+EA40 -> 95.081019 | ... EP6: =EP7+EP17+EP25+EP29+EP35+EP40 -> 0 | FG6: TỔNG CHI PHÍ | FH6: =FH7+FH17+FH25+FH29+FH35+FH40 -> 394.25866 | FI6: =FI7+FI17+FI25+FI29+FI35+FI40 -> 1552.7993 | FJ6: =FJ7+FJ17+FJ25+FJ29+FJ35+FJ40 -> 140.80361 | FK6: =FK7+FK17+FK25+FK29+FK35+FK40 -> 102.57564 | FL6: =FL7+FL17+FL25+FL29+FL35+FL40 -> 105.98736 | FM6: =FM7+FM17+FM25+FM29+FM35+FM40 -> 349.3666 | FN6: =FN7+FN17+FN25+FN29+FN35+FN40 -> 113.22422 | FO6: =FO7+FO17+FO25+FO29+FO35+FO40 -> 106.53659 | ... GQ6: =GQ7+GQ17+GQ25+GQ29+GQ35+GQ40 -> 0 | GU6: TỔNG CHI PHÍ | GV6: =GV7+GV17+GV25+GV29+GV35+GV40 -> 363.23896 | GW6: =GW7+GW17+GW25+GW29+GW35+GW40 -> 1592.0437 | GX6: =GX7+GX17+GX25+GX29+GX35+GX40 -> 130.71963 | GY6: =GY7+GY17+GY25+GY29+GY35+GY40 -> 102.24289 | GZ6: =GZ7+GZ17+GZ25+GZ29+GZ35+GZ40 -> 102.34046 | HA6: =HA7+HA17+HA25+HA29+HA35+HA40 -> 335.30297 | HB6: =HB7+HB17+HB25+HB29+HB35+HB40 -> 102.56135 | HC6: =HC7+HC17+HC25+HC29+HC35+HC40 -> 104.47437 | ... IE6: =IE7+IE17+IE25+IE29+IE35+IE40 -> 208.53956
A7: I | C7: Chi phí tiện ích chung | D7: =SUM(D8:D16) -> 938.50707 | E7: =SUM(E8:E16) -> 4260.3877 | F7: =SUM(F8:F16) -> 325.11719 | G7: =SUM(G8:G16) -> 298.112 | H7: =SUM(H8:H16) -> 286.41563 | I7: =SUM(I8:I16) -> 909.64482 | J7: =SUM(J8:J16) -> 303.17621 | K7: =SUM(K8:K16) -> 280.55977 | ... AM7: =SUM(AM8:AM16) -> 118.35201 | AO7: I | AQ7: Chi phí tiện ích chung | AR7: =SUM(AR8:AR16) -> 305.92806 | AS7: =SUM(AS8:AS16) -> 1479.0723 | AT7: =SUM(AT8:AT16) -> 102.87352 | AU7: =SUM(AU8:AU16) -> 96.759837 | AV7: =SUM(AV8:AV16) -> 94.158559 | AW7: =SUM(AW8:AW16) -> 293.79191 | AX7: =SUM(AX8:AX16) -> 138.0922 | AY7: =SUM(AY8:AY16) -> 109.73173 | ... CA7: =SUM(CA8:CA16) -> 0 | CC7: I | CE7: Chi phí tiện ích chung | CF7: =SUM(CF8:CF16) -> 84.458338 | CG7: =SUM(CG8:CG16) -> 608.99415 | CH7: =SUM(CH8:CH16) -> 55.121297 | CI7: =SUM(CI8:CI16) -> 49.564633 | CJ7: =SUM(CJ8:CJ16) -> 48.340655 | CK7: =SUM(CK8:CK16) -> 153.02659 | CL7: =SUM(CL8:CL16) -> 0 | CM7: =SUM(CM8:CM16) -> 0 | ... CX7: =SUM(CX8:CX16) -> 153.02659 | DQ7: I | DS7: Chi phí tiện ích chung | DT7: =SUM(DT8:DT16) -> 169.48105 | DU7: =SUM(DU8:DU16) -> 675.42354 | DV7: =SUM(DV8:DV16) -> 57.365208 | DW7: =SUM(DW8:DW16) -> 58.439497 | DX7: =SUM(DX8:DX16) -> 49.219859 | DY7: =SUM(DY8:DY16) -> 165.02456 | DZ7: =SUM(DZ8:DZ16) -> 56.614171 | EA7: =SUM(EA8:EA16) -> 57.210872 | ... EP7: =SUM(EP8:EP16) -> 0 | FE7: I | FG7: Chi phí tiện ích chung | FH7: =SUM(FH8:FH16) -> 196.13527 | FI7: =SUM(FI8:FI16) -> 773.4789 | FJ7: =SUM(FJ8:FJ16) -> 55.090629 | FK7: =SUM(FK8:FK16) -> 47.690844 | FL7: =SUM(FL8:FL16) -> 51.764505 | FM7: =SUM(FM8:FM16) -> 154.54598 | FN7: =SUM(FN8:FN16) -> 58.946909 | FO7: =SUM(FO8:FO16) -> 58.562779 | ... GQ7: =SUM(GQ8:GQ16) -> 0 | GS7: I | GU7: Chi phí tiện ích chung | GV7: =SUM(GV8:GV16) -> 182.50436 | GW7: =SUM(GW8:GW16) -> 723.41882 | GX7: =SUM(GX8:GX16) -> 54.666542 | GY7: =SUM(GY8:GY16) -> 45.657186 | GZ7: =SUM(GZ8:GZ16) -> 42.932049 | HA7: =SUM(HA8:HA16) -> 143.25578 | HB7: =SUM(HB8:HB16) -> 49.522935 | HC7: =SUM(HC8:HC16) -> 55.05439 | ... IE7: =SUM(IE8:IE16) -> 118.35201
A8: 1 | B8: CP03-01 | C8: Điện | D8: =D45+D82+D119+D156+D193 -> 619.97386 | E8: =E45+E82+E119+E156+E193 -> 2955.4415 | F8: =F45+F82+F119+F156+F193 -> 208.81697 | G8: =G45+G82+G119+G156+G193 -> 181.32705 | H8: =H45+H82+H119+H156+H193 -> 180.899 | I8: =I45+I82+I119+I156+I193 -> 571.04302 | J8: =J45+J82+J119+J156+J193 -> 185.12732 | K8: =K45+K82+K119+K156+K193 -> 174.62201 | ... AM8: =AM45+AM82+AM119+AM156+AM193 -> 84.633238 | AO8: 1 | AP8: CP03-01 | AQ8: Điện | AR8: =AR45+AR82+AR119+AR156+AR193 -> 169.80032 | AS8: =AS45+AS82+AS119+AS156+AS193 -> 937.53938 | AT8: =AT45+AT82+AT119+AT156+AT193 -> 50.082078 | AU8: =AU45+AU82+AU119+AU156+AU193 -> 48.292486 | AV8: =AV45+AV82+AV119+AV156+AV193 -> 39.555366 | AW8: =AW45+AW82+AW119+AW156+AW193 -> 137.92993 | AX8: =AX45+AX82+AX119+AX156+AX193 -> 63.991636 | AY8: =AY45+AY82+AY119+AY156+AY193 -> 43.57945 | ... CA8: =CA45+CA82+CA119+CA156+CA193 -> 0 | CC8: 1 | CD8: CP03-01 | CE8: Điện | CF8: ='1.Danh muc CPHC'!CF45+'1.Danh muc CPHC'!CF82+'1.Danh muc CPHC'!CF119+'1.Danh muc CPHC'!CF156+'1.Danh muc CPHC'!CF193 -> 67.241745 | CG8: ='1.Danh muc CPHC'!CG45+'1.Danh muc CPHC'!CG82+'1.Danh muc CPHC'!CG119+'1.Danh muc CPHC'!CG156+'1.Danh muc CPHC'!CG193 -> 476.76709 | CH8: ='1.Danh muc CPHC'!CH45+'1.Danh muc CPHC'!CH82+'1.Danh muc CPHC'!CH119+'1.Danh muc CPHC'!CH156+'1.Danh muc CPHC'!CH193 -> 44.933144 | CI8: ='1.Danh muc CPHC'!CI45+'1.Danh muc CPHC'!CI82+'1.Danh muc CPHC'!CI119+'1.Danh muc CPHC'!CI156+'1.Danh muc CPHC'!CI193 -> 38.503702 | CJ8: ='1.Danh muc CPHC'!CJ45+'1.Danh muc CPHC'!CJ82+'1.Danh muc CPHC'!CJ119+'1.Danh muc CPHC'!CJ156+'1.Danh muc CPHC'!CJ193 -> 35.938496 | CK8: ='1.Danh muc CPHC'!CK45+'1.Danh muc CPHC'!CK82+'1.Danh muc CPHC'!CK119+'1.Danh muc CPHC'!CK156+'1.Danh muc CPHC'!CK193 -> 119.37534 | CL8: =CL45+CL82+CL119+CL156+CL193 -> 0 | CM8: =CM45+CM82+CM119+CM156+CM193 -> 0 | CN8: =CN45+CN82+CN119+CN156+CN193 -> 0 | CO8: =CO45+CO82+CO119+CO156+CO193 -> 0 | CP8: =CP45+CP82+CP119+CP156+CP193 -> 0 | CQ8: =CQ45+CQ82+CQ119+CQ156+CQ193 -> 0 | CR8: =CR45+CR82+CR119+CR156+CR193 -> 0 | CS8: =CS45+CS82+CS119+CS156+CS193 -> 0 | ... CX8: =CX45+CX82+CX119+CX156+CX193 -> 119.37534 | DQ8: 1 | DR8: CP03-01 | DS8: Điện | DT8: =DT45+DT82+DT119+DT156+DT193 -> 137.56435 | DU8: =DU45+DU82+DU119+DU156+DU193 -> 554.82763 | DV8: =DV45+DV82+DV119+DV156+DV193 -> 44.882413 | DW8: =DW45+DW82+DW119+DW156+DW193 -> 39.936575 | DX8: =DX45+DX82+DX119+DX156+DX193 -> 40.462445 | DY8: =DY45+DY82+DY119+DY156+DY193 -> 125.28143 | DZ8: =DZ45+DZ82+DZ119+DZ156+DZ193 -> 46.590068 | EA8: =EA45+EA82+EA119+EA156+EA193 -> 46.315303 | ... EP8: =EP45+EP82+EP119+EP156+EP193 -> 0 | FE8: 1 | FF8: CP03-01 | FG8: Điện | FH8: =FH45+FH82+FH119+FH156+FH193 -> 131.56613 | FI8: =FI45+FI82+FI119+FI156+FI193 -> 531.45749 | FJ8: =FJ45+FJ82+FJ119+FJ156+FJ193 -> 38.845714 | FK8: =FK45+FK82+FK119+FK156+FK193 -> 29.702193 | FL8: =FL45+FL82+FL119+FL156+FL193 -> 37.201756 | FM8: =FM45+FM82+FM119+FM156+FM193 -> 105.74966 | FN8: =FN45+FN82+FN119+FN156+FN193 -> 42.595488 | FO8: =FO45+FO82+FO119+FO156+FO193 -> 44.275826 | ... GQ8: =GQ45+GQ82+GQ119+GQ156+GQ193 -> 0 | GS8: 1 | GT8: CP03-01 | GU8: Điện | GV8: =GV45+GV82+GV119+GV156+GV193 -> 113.80132 | GW8: =GW45+GW82+GW119+GW156+GW193 -> 454.84993 | GX8: =GX45+GX82+GX119+GX156+GX193 -> 30.073618 | GY8: =GY45+GY82+GY119+GY156+GY193 -> 24.892092 | GZ8: =GZ45+GZ82+GZ119+GZ156+GZ193 -> 27.740942 | HA8: =HA45+HA82+HA119+HA156+HA193 -> 82.706652 | HB8: =HB45+HB82+HB119+HB156+HB193 -> 31.950126 | HC8: =HC45+HC82+HC119+HC156+HC193 -> 40.451427 | ... IE8: =IE45+IE82+IE119+IE156+IE193 -> 84.633238
A9: 2 | B9: CP03-02 | C9: Điện thoại bàn | D9: =D46+D83+D120+D157+D194 -> 4.2422678 | E9: =E46+E83+E120+E157+E194 -> 17.158368 | F9: =F46+F83+F120+F157+F194 -> 1.5329232 | G9: =G46+G83+G120+G157+G194 -> 1.0781381 | H9: =H46+H83+H120+H157+H194 -> 1.0217536 | I9: =I46+I83+I120+I157+I194 -> 3.6328149 | J9: =J46+J83+J120+J157+J194 -> 1.024924 | K9: =K46+K83+K120+K157+K194 -> 1.064101 | ... AM9: =AM46+AM83+AM120+AM157+AM194 -> 0.806795 | AO9: 2 | AP9: CP03-02 | AQ9: Điện thoại bàn | AR9: =AR46+AR83+AR120+AR157+AR194 -> 1.8868144 | AS9: =AS46+AS83+AS120+AS157+AS194 -> 7.2416738 | AT9: =AT46+AT83+AT120+AT157+AT194 -> 0.62922376 | AU9: =AU46+AU83+AU120+AU157+AU194 -> 0.57373888 | AV9: =AV46+AV83+AV120+AV157+AV194 -> 0.63055344 | AW9: =AW46+AW83+AW120+AW157+AW194 -> 1.8335161 | AX9: =AX46+AX83+AX120+AX157+AX194 -> 0.861226 | AY9: =AY46+AY83+AY120+AY157+AY194 -> 0.898305 | ... CA9: =CA46+CA83+CA120+CA157+CA194 -> 0 | CC9: 2 | CD9: CP03-02 | CE9: Điện thoại bàn | CF9: ='1.Danh muc CPHC'!CF46+'1.Danh muc CPHC'!CF83+'1.Danh muc CPHC'!CF120+'1.Danh muc CPHC'!CF157+'1.Danh muc CPHC'!CF194 -> 0.3188736 | CG9: ='1.Danh muc CPHC'!CG46+'1.Danh muc CPHC'!CG83+'1.Danh muc CPHC'!CG120+'1.Danh muc CPHC'!CG157+'1.Danh muc CPHC'!CG194 -> 0.39428467 | CH9: ='1.Danh muc CPHC'!CH46+'1.Danh muc CPHC'!CH83+'1.Danh muc CPHC'!CH120+'1.Danh muc CPHC'!CH157+'1.Danh muc CPHC'!CH194 -> 0.27160648 | CI9: ='1.Danh muc CPHC'!CI46+'1.Danh muc CPHC'!CI83+'1.Danh muc CPHC'!CI120+'1.Danh muc CPHC'!CI157+'1.Danh muc CPHC'!CI194 -> 0.15647424 | CJ9: ='1.Danh muc CPHC'!CJ46+'1.Danh muc CPHC'!CJ83+'1.Danh muc CPHC'!CJ120+'1.Danh muc CPHC'!CJ157+'1.Danh muc CPHC'!CJ194 -> 0.17196912 | CK9: ='1.Danh muc CPHC'!CK46+'1.Danh muc CPHC'!CK83+'1.Danh muc CPHC'!CK120+'1.Danh muc CPHC'!CK157+'1.Danh muc CPHC'!CK194 -> 0.60004984 | CL9: =CL46+CL83+CL120+CL157+CL194 -> 0 | CM9: =CM46+CM83+CM120+CM157+CM194 -> 0 | CN9: =CN46+CN83+CN120+CN157+CN194 -> 0 | CO9: =CO46+CO83+CO120+CO157+CO194 -> 0 | CP9: =CP46+CP83+CP120+CP157+CP194 -> 0 | CQ9: =CQ46+CQ83+CQ120+CQ157+CQ194 -> 0 | CR9: =CR46+CR83+CR120+CR157+CR194 -> 0 | CS9: =CS46+CS83+CS120+CS157+CS194 -> 0 | ... CX9: =CX46+CX83+CX120+CX157+CX194 -> 0.60004984 | DQ9: 2 | DR9: CP03-02 | DS9: Điện thoại bàn | DT9: =DT46+DT83+DT120+DT157+DT194 -> 1.030029 | DU9: =DU46+DU83+DU120+DU157+DU194 -> 3.855311 | DV9: =DV46+DV83+DV120+DV157+DV194 -> 0.355055 | DW9: =DW46+DW83+DW120+DW157+DW194 -> 0.23722 | DX9: =DX46+DX83+DX120+DX157+DX194 -> 0.199231 | DY9: =DY46+DY83+DY120+DY157+DY194 -> 0.791506 | DZ9: =DZ46+DZ83+DZ120+DZ157+DZ194 -> 0.04909 | EA9: =EA46+EA83+EA120+EA157+EA194 -> 0.04909 | ... EP9: =EP46+EP83+EP120+EP157+EP194 -> 0 | FE9: 2 | FF9: CP03-02 | FG9: Điện thoại bàn | FH9: =FH46+FH83+FH120+FH157+FH194 -> 0.23526 | FI9: =FI46+FI83+FI120+FI157+FI194 -> 2.244521 | FJ9: =FJ46+FJ83+FJ120+FJ157+FJ194 -> 0.02 | FK9: =FK46+FK83+FK120+FK157+FK194 -> 0.02 | FL9: =FL46+FL83+FL120+FL157+FL194 -> 0.02 | FM9: =FM46+FM83+FM120+FM157+FM194 -> 0.06 | FN9: =FN46+FN83+FN120+FN157+FN194 -> 0.02 | FO9: =FO46+FO83+FO120+FO157+FO194 -> 0.02 | ... GQ9: =GQ46+GQ83+GQ120+GQ157+GQ194 -> 0 | GS9: 2 | GT9: CP03-02 | GU9: Điện thoại bàn | GV9: =GV46+GV83+GV120+GV157+GV194 -> 0.7712908 | GW9: =GW46+GW83+GW120+GW157+GW194 -> 3.422578 | GX9: =GX46+GX83+GX120+GX157+GX194 -> 0.257038 | GY9: =GY46+GY83+GY120+GY157+GY194 -> 0.090705 | GZ9: =GZ46+GZ83+GZ120+GZ157+GZ194 -> 0 | HA9: =HA46+HA83+HA120+HA157+HA194 -> 0.347743 | HB9: =HB46+HB83+HB120+HB157+HB194 -> 0.094608 | HC9: =HC46+HC83+HC120+HC157+HC194 -> 0.096706 | ... IE9: =IE46+IE83+IE120+IE157+IE194 -> 0.806795
A10: 3 | B10: CP03-03 | C10: Điện thoại di động | D10: =D47+D84+D121+D158+D195 -> 62.449585 | E10: =E47+E84+E121+E158+E195 -> 281.67957 | F10: =F47+F84+F121+F158+F195 -> 26.075856 | G10: =G47+G84+G121+G158+G195 -> 22.75078 | H10: =H47+H84+H121+H158+H195 -> 20.56366 | I10: =I47+I84+I121+I158+I195 -> 69.390295 | J10: =J47+J84+J121+J158+J195 -> 21.798916 | K10: =K47+K84+K121+K158+K195 -> 20.820964 | ... AM10: =AM47+AM84+AM121+AM158+AM195 -> 4.669388 | AO10: 3 | AP10: CP03-03 | AQ10: Điện thoại di động | AR10: =AR47+AR84+AR121+AR158+AR195 -> 23.281311 | AS10: =AS47+AS84+AS121+AS158+AS195 -> 111.82984 | AT10: =AT47+AT84+AT121+AT158+AT195 -> 11.255289 | AU10: =AU47+AU84+AU121+AU158+AU195 -> 9.3204692 | AV10: =AV47+AV84+AV121+AV158+AV195 -> 8.0974199 | AW10: =AW47+AW84+AW121+AW158+AW195 -> 28.673178 | AX10: =AX47+AX84+AX121+AX158+AX195 -> 10.161353 | AY10: =AY47+AY84+AY121+AY158+AY195 -> 9.701578 | ... CA10: =CA47+CA84+CA121+CA158+CA195 -> 0 | CC10: 3 | CD10: CP03-03 | CE10: Điện thoại di động | CF10: ='1.Danh muc CPHC'!CF47+'1.Danh muc CPHC'!CF84+'1.Danh muc CPHC'!CF121+'1.Danh muc CPHC'!CF158+'1.Danh muc CPHC'!CF195 -> 3.4085808 | CG10: ='1.Danh muc CPHC'!CG47+'1.Danh muc CPHC'!CG84+'1.Danh muc CPHC'!CG121+'1.Danh muc CPHC'!CG158+'1.Danh muc CPHC'!CG195 -> 30.191185 | CH10: ='1.Danh muc CPHC'!CH47+'1.Danh muc CPHC'!CH84+'1.Danh muc CPHC'!CH121+'1.Danh muc CPHC'!CH158+'1.Danh muc CPHC'!CH195 -> 2.0935112 | CI10: ='1.Danh muc CPHC'!CI47+'1.Danh muc CPHC'!CI84+'1.Danh muc CPHC'!CI121+'1.Danh muc CPHC'!CI158+'1.Danh muc CPHC'!CI195 -> 2.2855216 | CJ10: ='1.Danh muc CPHC'!CJ47+'1.Danh muc CPHC'!CJ84+'1.Danh muc CPHC'!CJ121+'1.Danh muc CPHC'!CJ158+'1.Danh muc CPHC'!CJ195 -> 2.0265028 | CK10: ='1.Danh muc CPHC'!CK47+'1.Danh muc CPHC'!CK84+'1.Danh muc CPHC'!CK121+'1.Danh muc CPHC'!CK158+'1.Danh muc CPHC'!CK195 -> 6.4055356 | CL10: =CL47+CL84+CL121+CL158+CL195 -> 0 | CM10: =CM47+CM84+CM121+CM158+CM195 -> 0 | CN10: =CN47+CN84+CN121+CN158+CN195 -> 0 | CO10: =CO47+CO84+CO121+CO158+CO195 -> 0 | CP10: =CP47+CP84+CP121+CP158+CP195 -> 0 | CQ10: =CQ47+CQ84+CQ121+CQ158+CQ195 -> 0 | CR10: =CR47+CR84+CR121+CR158+CR195 -> 0 | CS10: =CS47+CS84+CS121+CS158+CS195 -> 0 | ... CX10: =CX47+CX84+CX121+CX158+CX195 -> 6.4055356 | DQ10: 3 | DR10: CP03-03 | DS10: Điện thoại di động | DT10: =DT47+DT84+DT121+DT158+DT195 -> 10.311549 | DU10: =DU47+DU84+DU121+DU158+DU195 -> 36.015901 | DV10: =DV47+DV84+DV121+DV158+DV195 -> 5.030663 | DW10: =DW47+DW84+DW121+DW158+DW195 -> 3.235127 | DX10: =DX47+DX84+DX121+DX158+DX195 -> 3.192061 | DY10: =DY47+DY84+DY121+DY158+DY195 -> 11.457851 | DZ10: =DZ47+DZ84+DZ121+DZ158+DZ195 -> 3.154781 | EA10: =EA47+EA84+EA121+EA158+EA195 -> 2.953482 | ... EP10: =EP47+EP84+EP121+EP158+EP195 -> 0 | FE10: 3 | FF10: CP03-03 | FG10: Điện thoại di động | FH10: =FH47+FH84+FH121+FH158+FH195 -> 11.507845 | FI10: =FI47+FI84+FI121+FI158+FI195 -> 51.258972 | FJ10: =FJ47+FJ84+FJ121+FJ158+FJ195 -> 3.439006 | FK10: =FK47+FK84+FK121+FK158+FK195 -> 3.546874 | FL10: =FL47+FL84+FL121+FL158+FL195 -> 2.787168 | FM10: =FM47+FM84+FM121+FM158+FM195 -> 9.773048 | FN10: =FN47+FN84+FN121+FN158+FN195 -> 3.702353 | FO10: =FO47+FO84+FO121+FO158+FO195 -> 3.715255 | ... GQ10: =GQ47+GQ84+GQ121+GQ158+GQ195 -> 0 | GS10: 3 | GT10: CP03-03 | GU10: Điện thoại di động | GV10: =GV47+GV84+GV121+GV158+GV195 -> 13.940299 | GW10: =GW47+GW84+GW121+GW158+GW195 -> 52.383678 | GX10: =GX47+GX84+GX121+GX158+GX195 -> 4.257387 | GY10: =GY47+GY84+GY121+GY158+GY195 -> 4.362788 | GZ10: =GZ47+GZ84+GZ121+GZ158+GZ195 -> 4.460508 | HA10: =HA47+HA84+HA121+HA158+HA195 -> 13.080683 | HB10: =HB47+HB84+HB121+HB158+HB195 -> 4.780429 | HC10: =HC47+HC84+HC121+HC158+HC195 -> 4.450649 | ... IE10: =IE47+IE84+IE121+IE158+IE195 -> 4.669388
A11: 4 | B11: CP03-04 | C11: Internet | D11: =D48+D85+D122+D159+D196 -> 32.604906 | E11: =E48+E85+E122+E159+E196 -> 120.77338 | F11: =F48+F85+F122+F159+F196 -> 11.651901 | G11: =G48+G85+G122+G159+G196 -> 12.393059 | H11: =H48+H85+H122+H159+H196 -> 14.358759 | I11: =I48+I85+I122+I159+I196 -> 38.403719 | J11: =J48+J85+J122+J159+J196 -> 22.381484 | K11: =K48+K85+K122+K159+K196 -> 21.988371 | ... AM11: =AM48+AM85+AM122+AM159+AM196 -> 1.675908 | AO11: 4 | AP11: CP03-04 | AQ11: Internet | AR11: =AR48+AR85+AR122+AR159+AR196 -> 18.538396 | AS11: =AS48+AS85+AS122+AS159+AS196 -> 64.608724 | AT11: =AT48+AT85+AT122+AT159+AT196 -> 5.6306627 | AU11: =AU48+AU85+AU122+AU159+AU196 -> 6.3488602 | AV11: =AV48+AV85+AV122+AV159+AV196 -> 7.7850269 | AW11: =AW48+AW85+AW122+AW159+AW196 -> 19.76455 | AX11: =AX48+AX85+AX122+AX159+AX196 -> 17.479545 | AY11: =AY48+AY85+AY122+AY159+AY196 -> 15.947308 | ... CA11: =CA48+CA85+CA122+CA159+CA196 -> 0 | CC11: 4 | CD11: CP03-04 | CE11: Internet | CF11: ='1.Danh muc CPHC'!CF48+'1.Danh muc CPHC'!CF85+'1.Danh muc CPHC'!CF122+'1.Danh muc CPHC'!CF159+'1.Danh muc CPHC'!CF196 -> 2.6129046 | CG11: ='1.Danh muc CPHC'!CG48+'1.Danh muc CPHC'!CG85+'1.Danh muc CPHC'!CG122+'1.Danh muc CPHC'!CG159+'1.Danh muc CPHC'!CG196 -> 9.6 | CH11: ='1.Danh muc CPHC'!CH48+'1.Danh muc CPHC'!CH85+'1.Danh muc CPHC'!CH122+'1.Danh muc CPHC'!CH159+'1.Danh muc CPHC'!CH196 -> 1.4086725 | CI11: ='1.Danh muc CPHC'!CI48+'1.Danh muc CPHC'!CI85+'1.Danh muc CPHC'!CI122+'1.Danh muc CPHC'!CI159+'1.Danh muc CPHC'!CI196 -> 1.6170175 | CJ11: ='1.Danh muc CPHC'!CJ48+'1.Danh muc CPHC'!CJ85+'1.Danh muc CPHC'!CJ122+'1.Danh muc CPHC'!CJ159+'1.Danh muc CPHC'!CJ196 -> 2.0090363 | CK11: ='1.Danh muc CPHC'!CK48+'1.Danh muc CPHC'!CK85+'1.Danh muc CPHC'!CK122+'1.Danh muc CPHC'!CK159+'1.Danh muc CPHC'!CK196 -> 5.0347263 | CL11: =CL48+CL85+CL122+CL159+CL196 -> 0 | CM11: =CM48+CM85+CM122+CM159+CM196 -> 0 | CN11: =CN48+CN85+CN122+CN159+CN196 -> 0 | CO11: =CO48+CO85+CO122+CO159+CO196 -> 0 | CP11: =CP48+CP85+CP122+CP159+CP196 -> 0 | CQ11: =CQ48+CQ85+CQ122+CQ159+CQ196 -> 0 | CR11: =CR48+CR85+CR122+CR159+CR196 -> 0 | CS11: =CS48+CS85+CS122+CS159+CS196 -> 0 | ... CX11: =CX48+CX85+CX122+CX159+CX196 -> 5.0347263 | DQ11: 4 | DR11: CP03-04 | DS11: Internet | DT11: =DT48+DT85+DT122+DT159+DT196 -> 2.705727 | DU11: =DU48+DU85+DU122+DU159+DU196 -> 11.844532 | DV11: =DV48+DV85+DV122+DV159+DV196 -> 1.370151 | DW11: =DW48+DW85+DW122+DW159+DW196 -> 1.400818 | DX11: =DX48+DX85+DX122+DX159+DX196 -> 1.370151 | DY11: =DY48+DY85+DY122+DY159+DY196 -> 4.14112 | DZ11: =DZ48+DZ85+DZ122+DZ159+DZ196 -> 1.707394 | EA11: =EA48+EA85+EA122+EA159+EA196 -> 1.874699 | ... EP11: =EP48+EP85+EP122+EP159+EP196 -> 0 | FE11: 4 | FF11: CP03-04 | FG11: Internet | FH11: =FH48+FH85+FH122+FH159+FH196 -> 4.999092 | FI11: =FI48+FI85+FI122+FI159+FI196 -> 19.996368 | FJ11: =FJ48+FJ85+FJ122+FJ159+FJ196 -> 1.834546 | FK11: =FK48+FK85+FK122+FK159+FK196 -> 1.498182 | FL11: =FL48+FL85+FL122+FL159+FL196 -> 1.666364 | FM11: =FM48+FM85+FM122+FM159+FM196 -> 4.999092 | FN11: =FN48+FN85+FN122+FN159+FN196 -> 1.666364 | FO11: =FO48+FO85+FO122+FO159+FO196 -> 1.666364 | ... GQ11: =GQ48+GQ85+GQ122+GQ159+GQ196 -> 0 | GS11: 4 | GT11: CP03-04 | GU11: Internet | GV11: =GV48+GV85+GV122+GV159+GV196 -> 3.7487863 | GW11: =GW48+GW85+GW122+GW159+GW196 -> 14.723756 | GX11: =GX48+GX85+GX122+GX159+GX196 -> 1.407869 | GY11: =GY48+GY85+GY122+GY159+GY196 -> 1.528181 | GZ11: =GZ48+GZ85+GZ122+GZ159+GZ196 -> 1.528181 | HA11: =HA48+HA85+HA122+HA159+HA196 -> 4.464231 | HB11: =HB48+HB85+HB122+HB159+HB196 -> 1.528181 | HC11: =HC48+HC85+HC122+HC159+HC196 -> 2.5 | ... IE11: =IE48+IE85+IE122+IE159+IE196 -> 1.675908
A12: 5 | B12: CP03-05 | C12: Nước sinh hoạt | D12: =D49+D86+D123+D160+D197 -> 40.965314 | E12: =E49+E86+E123+E160+E197 -> 113.41515 | F12: =F49+F86+F123+F160+F197 -> 15.098554 | G12: =G49+G86+G123+G160+G197 -> 21.487363 | H12: =H49+H86+H123+H160+H197 -> 18.796867 | I12: =I49+I86+I123+I160+I197 -> 55.382784 | J12: =J49+J86+J123+J160+J197 -> 22.40295 | K12: =K49+K86+K123+K160+K197 -> 17.734769 | ... AM12: =AM49+AM86+AM123+AM160+AM197 -> 3.786435 | AO12: 5 | AP12: CP03-05 | AQ12: Nước sinh hoạt | AR12: =AR49+AR86+AR123+AR160+AR197 -> 27.692209 | AS12: =AS49+AS86+AS123+AS160+AS197 -> 53.848734 | AT12: =AT49+AT86+AT123+AT160+AT197 -> 8.2216869 | AU12: =AU49+AU86+AU123+AU160+AU197 -> 14.821515 | AV12: =AV49+AV86+AV123+AV160+AV197 -> 12.565876 | AW12: =AW49+AW86+AW123+AW160+AW197 -> 35.609078 | AX12: =AX49+AX86+AX123+AX160+AX197 -> 18.810096 | AY12: =AY49+AY86+AY123+AY160+AY197 -> 13.968381 | ... CA12: =CA49+CA86+CA123+CA160+CA197 -> 0 | CC12: 5 | CD12: CP03-05 | CE12: Nước sinh hoạt | CF12: ='1.Danh muc CPHC'!CF49+'1.Danh muc CPHC'!CF86+'1.Danh muc CPHC'!CF123+'1.Danh muc CPHC'!CF160+'1.Danh muc CPHC'!CF197 -> 3.2131823 | CG12: ='1.Danh muc CPHC'!CG49+'1.Danh muc CPHC'!CG86+'1.Danh muc CPHC'!CG123+'1.Danh muc CPHC'!CG160+'1.Danh muc CPHC'!CG197 -> 6.5579309 | CH12: ='1.Danh muc CPHC'!CH49+'1.Danh muc CPHC'!CH86+'1.Danh muc CPHC'!CH123+'1.Danh muc CPHC'!CH160+'1.Danh muc CPHC'!CH197 -> 1.9365897 | CI12: ='1.Danh muc CPHC'!CI49+'1.Danh muc CPHC'!CI86+'1.Danh muc CPHC'!CI123+'1.Danh muc CPHC'!CI160+'1.Danh muc CPHC'!CI197 -> 3.1819606 | CJ12: ='1.Danh muc CPHC'!CJ49+'1.Danh muc CPHC'!CJ86+'1.Danh muc CPHC'!CJ123+'1.Danh muc CPHC'!CJ160+'1.Danh muc CPHC'!CJ197 -> 2.7279696 | CK12: ='1.Danh muc CPHC'!CK49+'1.Danh muc CPHC'!CK86+'1.Danh muc CPHC'!CK123+'1.Danh muc CPHC'!CK160+'1.Danh muc CPHC'!CK197 -> 7.8465199 | CL12: =CL49+CL86+CL123+CL160+CL197 -> 0 | CM12: =CM49+CM86+CM123+CM160+CM197 -> 0 | CN12: =CN49+CN86+CN123+CN160+CN197 -> 0 | CO12: =CO49+CO86+CO123+CO160+CO197 -> 0 | CP12: =CP49+CP86+CP123+CP160+CP197 -> 0 | CQ12: =CQ49+CQ86+CQ123+CQ160+CQ197 -> 0 | CR12: =CR49+CR86+CR123+CR160+CR197 -> 0 | CS12: =CS49+CS86+CS123+CS160+CS197 -> 0 | ... CX12: =CX49+CX86+CX123+CX160+CX197 -> 7.8465199 | DQ12: 5 | DR12: CP03-05 | DS12: Nước sinh hoạt | DT12: =DT49+DT86+DT123+DT160+DT197 -> 3.025402 | DU12: =DU49+DU86+DU123+DU160+DU197 -> 12.265285 | DV12: =DV49+DV86+DV123+DV160+DV197 -> 1.288229 | DW12: =DW49+DW86+DW123+DW160+DW197 -> 1.23915 | DX12: =DX49+DX86+DX123+DX160+DX197 -> 1.055001 | DY12: =DY49+DY86+DY123+DY160+DY197 -> 3.58238 | DZ12: =DZ49+DZ86+DZ123+DZ160+DZ197 -> 1.23823 | EA12: =EA49+EA86+EA123+EA160+EA197 -> 1.731644 | ... EP12: =EP49+EP86+EP123+EP160+EP197 -> 0 | FE12: 5 | FF12: CP03-05 | FG12: Nước sinh hoạt | FH12: =FH49+FH86+FH123+FH160+FH197 -> 2.60174 | FI12: =FI49+FI86+FI123+FI160+FI197 -> 14.253775 | FJ12: =FJ49+FJ86+FJ123+FJ160+FJ197 -> 2.199999 | FK12: =FK49+FK86+FK123+FK160+FK197 -> 0.707826 | FL12: =FL49+FL86+FL123+FL160+FL197 -> 1.11913 | FM12: =FM49+FM86+FM123+FM160+FM197 -> 4.026955 | FN12: =FN49+FN86+FN123+FN160+FN197 -> 1.042609 | FO12: =FO49+FO86+FO123+FO160+FO197 -> 1.013914 | ... GQ12: =GQ49+GQ86+GQ123+GQ160+GQ197 -> 0 | GS12: 5 | GT12: CP03-05 | GU12: Nước sinh hoạt | GV12: =GV49+GV86+GV123+GV160+GV197 -> 4.4327805 | GW12: =GW49+GW86+GW123+GW160+GW197 -> 26.489425 | GX12: =GX49+GX86+GX123+GX160+GX197 -> 1.452049 | GY12: =GY49+GY86+GY123+GY160+GY197 -> 1.536912 | GZ12: =GZ49+GZ86+GZ123+GZ160+GZ197 -> 1.32889 | HA12: =HA49+HA86+HA123+HA160+HA197 -> 4.317851 | HB12: =HB49+HB86+HB123+HB160+HB197 -> 1.312015 | HC12: =HC49+HC86+HC123+HC160+HC197 -> 1.02083 | ... IE12: =IE49+IE86+IE123+IE160+IE197 -> 3.786435
A13: 6 | B13: CP03-06 | C13: Nước uống | D13: =D50+D87+D124+D161+D198 -> 14.596926 | E13: =E50+E87+E124+E161+E198 -> 65.722746 | F13: =F50+F87+F124+F161+F198 -> 4.3186552 | G13: =G50+G87+G124+G161+G198 -> 4.2044725 | H13: =H50+H87+H124+H161+H198 -> 4.6929692 | I13: =I50+I87+I124+I161+I198 -> 13.216097 | J13: =J50+J87+J124+J161+J198 -> 4.218103 | K13: =K50+K87+K124+K161+K198 -> 3.292073 | ... AM13: =AM50+AM87+AM124+AM161+AM198 -> 0.984 | AO13: 6 | AP13: CP03-06 | AQ13: Nước uống | AR13: =AR50+AR87+AR124+AR161+AR198 -> 5.7532873 | AS13: =AS50+AS87+AS124+AS161+AS198 -> 22.991039 | AT13: =AT50+AT87+AT124+AT161+AT198 -> 2.1078916 | AU13: =AU50+AU87+AU124+AU161+AU198 -> 1.8766055 | AV13: =AV50+AV87+AV124+AV161+AV198 -> 2.2270489 | AW13: =AW50+AW87+AW124+AW161+AW198 -> 6.211546 | AX13: =AX50+AX87+AX124+AX161+AX198 -> 2.365683 | AY13: =AY50+AY87+AY124+AY161+AY198 -> 1.394085 | ... CA13: =CA50+CA87+CA124+CA161+CA198 -> 0 | CC13: 6 | CD13: CP03-06 | CE13: Nước uống | CF13: ='1.Danh muc CPHC'!CF50+'1.Danh muc CPHC'!CF87+'1.Danh muc CPHC'!CF124+'1.Danh muc CPHC'!CF161+'1.Danh muc CPHC'!CF198 -> 0.78454546 | CG13: ='1.Danh muc CPHC'!CG50+'1.Danh muc CPHC'!CG87+'1.Danh muc CPHC'!CG124+'1.Danh muc CPHC'!CG161+'1.Danh muc CPHC'!CG198 -> 6.9991013 | CH13: ='1.Danh muc CPHC'!CH50+'1.Danh muc CPHC'!CH87+'1.Danh muc CPHC'!CH124+'1.Danh muc CPHC'!CH161+'1.Danh muc CPHC'!CH198 -> 0.51208352 | CI13: ='1.Danh muc CPHC'!CI50+'1.Danh muc CPHC'!CI87+'1.Danh muc CPHC'!CI124+'1.Danh muc CPHC'!CI161+'1.Danh muc CPHC'!CI198 -> 0.42970708 | CJ13: ='1.Danh muc CPHC'!CJ50+'1.Danh muc CPHC'!CJ87+'1.Danh muc CPHC'!CJ124+'1.Danh muc CPHC'!CJ161+'1.Danh muc CPHC'!CJ198 -> 0.52365624 | CK13: ='1.Danh muc CPHC'!CK50+'1.Danh muc CPHC'!CK87+'1.Danh muc CPHC'!CK124+'1.Danh muc CPHC'!CK161+'1.Danh muc CPHC'!CK198 -> 1.4654468 | CL13: =CL50+CL87+CL124+CL161+CL198 -> 0 | CM13: =CM50+CM87+CM124+CM161+CM198 -> 0 | CN13: =CN50+CN87+CN124+CN161+CN198 -> 0 | CO13: =CO50+CO87+CO124+CO161+CO198 -> 0 | CP13: =CP50+CP87+CP124+CP161+CP198 -> 0 | CQ13: =CQ50+CQ87+CQ124+CQ161+CQ198 -> 0 | CR13: =CR50+CR87+CR124+CR161+CR198 -> 0 | CS13: =CS50+CS87+CS124+CS161+CS198 -> 0 | ... CX13: =CX50+CX87+CX124+CX161+CX198 -> 1.4654468 | DQ13: 6 | DR13: CP03-06 | DS13: Nước uống | DT13: =DT50+DT87+DT124+DT161+DT198 -> 0.9 | DU13: =DU50+DU87+DU124+DU161+DU198 -> 6 | DV13: =DV50+DV87+DV124+DV161+DV198 -> 0.400032 | DW13: =DW50+DW87+DW124+DW161+DW198 -> 0.400032 | DX13: =DX50+DX87+DX124+DX161+DX198 -> 0.400032 | DY13: =DY50+DY87+DY124+DY161+DY198 -> 1.200096 | DZ13: =DZ50+DZ87+DZ124+DZ161+DZ198 -> 0.400032 | EA13: =EA50+EA87+EA124+EA161+EA198 -> 0.377808 | ... EP13: =EP50+EP87+EP124+EP161+EP198 -> 0 | FE13: 6 | FF13: CP03-06 | FG13: Nước uống | FH13: =FH50+FH87+FH124+FH161+FH198 -> 5.031925 | FI13: =FI50+FI87+FI124+FI161+FI198 -> 20.024606 | FJ13: =FJ50+FJ87+FJ124+FJ161+FJ198 -> 0.674648 | FK13: =FK50+FK87+FK124+FK161+FK198 -> 0.934128 | FL13: =FL50+FL87+FL124+FL161+FL198 -> 0.882232 | FM13: =FM50+FM87+FM124+FM161+FM198 -> 2.491008 | FN13: =FN50+FN87+FN124+FN161+FN198 -> 0.804388 | FO13: =FO50+FO87+FO124+FO161+FO198 -> 0.90818 | ... GQ13: =GQ50+GQ87+GQ124+GQ161+GQ198 -> 0 | GS13: 6 | GT13: CP03-06 | GU13: Nước uống | GV13: =GV50+GV87+GV124+GV161+GV198 -> 2.127168 | GW13: =GW50+GW87+GW124+GW161+GW198 -> 9.708 | GX13: =GX50+GX87+GX124+GX161+GX198 -> 0.624 | GY13: =GY50+GY87+GY124+GY161+GY198 -> 0.564 | GZ13: =GZ50+GZ87+GZ124+GZ161+GZ198 -> 0.66 | HA13: =HA50+HA87+HA124+HA161+HA198 -> 1.848 | HB13: =HB50+HB87+HB124+HB161+HB198 -> 0.648 | HC13: =HC50+HC87+HC124+HC161+HC198 -> 0.612 | ... IE13: =IE50+IE87+IE124+IE161+IE198 -> 0.984
A14: 7 | B14: CP03-07 | C14: Chi phí xử lý chất thải (nước thải, rác), phí vệ sinh | D14: =D51+D88+D125+D162+D199 -> 57.679857 | E14: =E51+E88+E125+E162+E199 -> 305.3446 | F14: =F51+F88+F125+F162+F199 -> 19.058199 | G14: =G51+G88+G125+G162+G199 -> 25.618527 | H14: =H51+H88+H125+H162+H199 -> 15.375558 | I14: =I51+I88+I125+I162+I199 -> 60.052284 | J14: =J51+J88+J125+J162+J199 -> 13.006443 | K14: =K51+K88+K125+K162+K199 -> 14.216337 | ... AM14: =AM51+AM88+AM125+AM162+AM199 -> 18.774134 | AO14: 7 | AP14: CP03-07 | AQ14: Chi phí xử lý chất thải (nước thải, rác), phí vệ sinh | AR14: =AR51+AR88+AR125+AR162+AR199 -> 26.890678 | AS14: =AS51+AS88+AS125+AS162+AS199 -> 196.6189 | AT14: =AT51+AT88+AT125+AT162+AT199 -> 11.497477 | AU14: =AU51+AU88+AU125+AU162+AU199 -> 7.3904933 | AV14: =AV51+AV88+AV125+AV162+AV199 -> 9.3684924 | AW14: =AW51+AW88+AW125+AW162+AW199 -> 28.256463 | AX14: =AX51+AX88+AX125+AX162+AX199 -> 7.865052 | AY14: =AY51+AY88+AY125+AY162+AY199 -> 9.251015 | ... CA14: =CA51+CA88+CA125+CA162+CA199 -> 0 | CC14: 7 | CD14: CP03-07 | CE14: Chi phí xử lý chất thải (nước thải, rác), phí vệ sinh | CF14: ='1.Danh muc CPHC'!CF51+'1.Danh muc CPHC'!CF88+'1.Danh muc CPHC'!CF125+'1.Danh muc CPHC'!CF162+'1.Danh muc CPHC'!CF199 -> 2.7578531 | CG14: ='1.Danh muc CPHC'!CG51+'1.Danh muc CPHC'!CG88+'1.Danh muc CPHC'!CG125+'1.Danh muc CPHC'!CG162+'1.Danh muc CPHC'!CG199 -> 6.64 | CH14: ='1.Danh muc CPHC'!CH51+'1.Danh muc CPHC'!CH88+'1.Danh muc CPHC'!CH125+'1.Danh muc CPHC'!CH162+'1.Danh muc CPHC'!CH199 -> 1.3865504 | CI14: ='1.Danh muc CPHC'!CI51+'1.Danh muc CPHC'!CI88+'1.Danh muc CPHC'!CI125+'1.Danh muc CPHC'!CI162+'1.Danh muc CPHC'!CI199 -> 1.4378874 | CJ14: ='1.Danh muc CPHC'!CJ51+'1.Danh muc CPHC'!CJ88+'1.Danh muc CPHC'!CJ125+'1.Danh muc CPHC'!CJ162+'1.Danh muc CPHC'!CJ199 -> 1.7138872 | CK14: ='1.Danh muc CPHC'!CK51+'1.Danh muc CPHC'!CK88+'1.Danh muc CPHC'!CK125+'1.Danh muc CPHC'!CK162+'1.Danh muc CPHC'!CK199 -> 4.538325 | CL14: =CL51+CL88+CL125+CL162+CL199 -> 0 | CM14: =CM51+CM88+CM125+CM162+CM199 -> 0 | CN14: =CN51+CN88+CN125+CN162+CN199 -> 0 | CO14: =CO51+CO88+CO125+CO162+CO199 -> 0 | CP14: =CP51+CP88+CP125+CP162+CP199 -> 0 | CQ14: =CQ51+CQ88+CQ125+CQ162+CQ199 -> 0 | CR14: =CR51+CR88+CR125+CR162+CR199 -> 0 | CS14: =CS51+CS88+CS125+CS162+CS199 -> 0 | ... CX14: =CX51+CX88+CX125+CX162+CX199 -> 4.538325 | DQ14: 7 | DR14: CP03-07 | DS14: Chi phí xử lý chất thải (nước thải, rác), phí vệ sinh | DT14: =DT51+DT88+DT125+DT162+DT199 -> 9.290679 | DU14: =DU51+DU88+DU125+DU162+DU199 -> 20.392154 | DV14: =DV51+DV88+DV125+DV162+DV199 -> 2.325393 | DW14: =DW51+DW88+DW125+DW162+DW199 -> 10.362393 | DX14: =DX51+DX88+DX125+DX162+DX199 -> 0.680393 | DY14: =DY51+DY88+DY125+DY162+DY199 -> 13.368179 | DZ14: =DZ51+DZ88+DZ125+DZ162+DZ199 -> 0.680393 | EA14: =EA51+EA88+EA125+EA162+EA199 -> 0.680393 | ... EP14: =EP51+EP88+EP125+EP162+EP199 -> 0 | FE14: 7 | FF14: CP03-07 | FG14: Chi phí xử lý chất thải (nước thải, rác), phí vệ sinh | FH14: =FH51+FH88+FH125+FH162+FH199 -> 10.484358 | FI14: =FI51+FI88+FI125+FI162+FI199 -> 42.623872 | FJ14: =FJ51+FJ88+FJ125+FJ162+FJ199 -> 1.074546 | FK14: =FK51+FK88+FK125+FK162+FK199 -> 2.992827 | FL14: =FL51+FL88+FL125+FL162+FL199 -> 1.123258 | FM14: =FM51+FM88+FM125+FM162+FM199 -> 5.190631 | FN14: =FN51+FN88+FN125+FN162+FN199 -> 2.158605 | FO14: =FO51+FO88+FO125+FO162+FO199 -> 1.345336 | ... GQ14: =GQ51+GQ88+GQ125+GQ162+GQ199 -> 0 | GS14: 7 | GT14: CP03-07 | GU14: Chi phí xử lý chất thải (nước thải, rác), phí vệ sinh | GV14: =GV51+GV88+GV125+GV162+GV199 -> 8.2562894 | GW14: =GW51+GW88+GW125+GW162+GW199 -> 39.069665 | GX14: =GX51+GX88+GX125+GX162+GX199 -> 2.774233 | GY14: =GY51+GY88+GY125+GY162+GY199 -> 3.434926 | GZ14: =GZ51+GZ88+GZ125+GZ162+GZ199 -> 2.489527 | HA14: =HA51+HA88+HA125+HA162+HA199 -> 8.698686 | HB14: =HB51+HB88+HB125+HB162+HB199 -> 2.302393 | HC14: =HC51+HC88+HC125+HC162+HC199 -> 2.939593 | ... IE14: =IE51+IE88+IE125+IE162+IE199 -> 18.774134
A15: 8 | B15: CP03-09 | C15: Xăng, dầu dùng cho quản lí văn phòng | D15: =D52+D89+D126+D163+D200 -> 92.90581 | E15: =E52+E89+E126+E163+E200 -> 354.17233 | F15: =F52+F89+F126+F163+F200 -> 32.805725 | G15: =G52+G89+G126+G163+G200 -> 25.510859 | H15: =H52+H89+H126+H163+H200 -> 18.877465 | I15: =I52+I89+I126+I163+I200 -> 77.19405 | J15: =J52+J89+J126+J163+J200 -> 20.642016 | K15: =K52+K89+K126+K163+K200 -> 18.560095 | ... AM15: =AM52+AM89+AM126+AM163+AM200 -> 0.349444 | AO15: 8 | AP15: CP03-09 | AQ15: Xăng, dầu dùng cho quản lí văn phòng | AR15: =AR52+AR89+AR126+AR163+AR200 -> 32.085043 | AS15: =AS52+AS89+AS126+AS163+AS200 -> 84.394029 | AT15: =AT52+AT89+AT126+AT163+AT200 -> 10.64921 | AU15: =AU52+AU89+AU126+AU163+AU200 -> 8.1356695 | AV15: =AV52+AV89+AV126+AV163+AV200 -> 8.4609969 | AW15: =AW52+AW89+AW126+AW163+AW200 -> 27.245877 | AX15: =AX52+AX89+AX126+AX163+AX200 -> 10.479299 | AY15: =AY52+AY89+AY126+AY163+AY200 -> 10.361296 | ... CA15: =CA52+CA89+CA126+CA163+CA200 -> 0 | CC15: 8 | CD15: CP03-09 | CE15: Xăng, dầu dùng cho quản lí văn phòng | CF15: ='1.Danh muc CPHC'!CF52+'1.Danh muc CPHC'!CF89+'1.Danh muc CPHC'!CF126+'1.Danh muc CPHC'!CF163+'1.Danh muc CPHC'!CF200 -> 4.1206532 | CG15: ='1.Danh muc CPHC'!CG52+'1.Danh muc CPHC'!CG89+'1.Danh muc CPHC'!CG126+'1.Danh muc CPHC'!CG163+'1.Danh muc CPHC'!CG200 -> 70.831463 | CH15: ='1.Danh muc CPHC'!CH52+'1.Danh muc CPHC'!CH89+'1.Danh muc CPHC'!CH126+'1.Danh muc CPHC'!CH163+'1.Danh muc CPHC'!CH200 -> 2.5791392 | CI15: ='1.Danh muc CPHC'!CI52+'1.Danh muc CPHC'!CI89+'1.Danh muc CPHC'!CI126+'1.Danh muc CPHC'!CI163+'1.Danh muc CPHC'!CI200 -> 1.952363 | CJ15: ='1.Danh muc CPHC'!CJ52+'1.Danh muc CPHC'!CJ89+'1.Danh muc CPHC'!CJ126+'1.Danh muc CPHC'!CJ163+'1.Danh muc CPHC'!CJ200 -> 2.0140761 | CK15: ='1.Danh muc CPHC'!CK52+'1.Danh muc CPHC'!CK89+'1.Danh muc CPHC'!CK126+'1.Danh muc CPHC'!CK163+'1.Danh muc CPHC'!CK200 -> 6.5455782 | CL15: =CL52+CL89+CL126+CL163+CL200 -> 0 | CM15: =CM52+CM89+CM126+CM163+CM200 -> 0 | CN15: =CN52+CN89+CN126+CN163+CN200 -> 0 | CO15: =CO52+CO89+CO126+CO163+CO200 -> 0 | CP15: =CP52+CP89+CP126+CP163+CP200 -> 0 | CQ15: =CQ52+CQ89+CQ126+CQ163+CQ200 -> 0 | CR15: =CR52+CR89+CR126+CR163+CR200 -> 0 | CS15: =CS52+CS89+CS126+CS163+CS200 -> 0 | ... CX15: =CX52+CX89+CX126+CX163+CX200 -> 6.5455782 | DQ15: 8 | DR15: CP03-09 | DS15: Xăng, dầu dùng cho quản lí văn phòng | DT15: =DT52+DT89+DT126+DT163+DT200 -> 4.653318 | DU15: =DU52+DU89+DU126+DU163+DU200 -> 26.122725 | DV15: =DV52+DV89+DV126+DV163+DV200 -> 1.713272 | DW15: =DW52+DW89+DW126+DW163+DW200 -> 1.628182 | DX15: =DX52+DX89+DX126+DX163+DX200 -> 1.860545 | DY15: =DY52+DY89+DY126+DY163+DY200 -> 5.201999 | DZ15: =DZ52+DZ89+DZ126+DZ163+DZ200 -> 1.250183 | EA15: =EA52+EA89+EA126+EA163+EA200 -> 1.684453 | ... EP15: =EP52+EP89+EP126+EP163+EP200 -> 0 | FE15: 8 | FF15: CP03-09 | FG15: Xăng, dầu dùng cho quản lí văn phòng | FH15: =FH52+FH89+FH126+FH163+FH200 -> 24.410077 | FI15: =FI52+FI89+FI126+FI163+FI200 -> 75.656868 | FJ15: =FJ52+FJ89+FJ126+FJ163+FJ200 -> 5.707757 | FK15: =FK52+FK89+FK126+FK163+FK200 -> 6.916064 | FL15: =FL52+FL89+FL126+FL163+FL200 -> 6.541847 | FM15: =FM52+FM89+FM126+FM163+FM200 -> 19.165668 | FN15: =FN52+FN89+FN126+FN163+FN200 -> 6.534352 | FO15: =FO52+FO89+FO126+FO163+FO200 -> 5.195154 | ... GQ15: =GQ52+GQ89+GQ126+GQ163+GQ200 -> 0 | GS15: 8 | GT15: CP03-09 | GU15: Xăng, dầu dùng cho quản lí văn phòng | GV15: =GV52+GV89+GV126+GV163+GV200 -> 27.636719 | GW15: =GW52+GW89+GW126+GW163+GW200 -> 97.167249 | GX15: =GX52+GX89+GX126+GX163+GX200 -> 12.156347 | GY15: =GY52+GY89+GY126+GY163+GY200 -> 6.878581 | GZ15: =GZ52+GZ89+GZ126+GZ163+GZ200 -> 0 | HA15: =HA52+HA89+HA126+HA163+HA200 -> 19.034928 | HB15: =HB52+HB89+HB126+HB163+HB200 -> 2.378182 | HC15: =HC52+HC89+HC126+HC163+HC200 -> 1.319192 | ... IE15: =IE52+IE89+IE126+IE163+IE200 -> 0.349444
A16: 9 | B16: CP03-10 | C16: Phí môi trường (chăm sóc cây xanh, thảm cỏ) | D16: =D53+D90+D127+D164+D201 -> 13.088541 | E16: =E53+E90+E127+E164+E201 -> 46.680044 | F16: =F53+F90+F127+F164+F201 -> 5.758414 | G16: =G53+G90+G127+G164+G201 -> 3.741751 | H16: =H53+H90+H127+H164+H201 -> 11.829591 | I16: =I53+I90+I127+I164+I201 -> 21.329756 | J16: =J53+J90+J127+J164+J201 -> 12.57406 | K16: =K53+K90+K127+K164+K201 -> 8.261052 | ... AM16: =AM53+AM90+AM127+AM164+AM201 -> 2.672667 | AO16: 9 | AP16: CP03-10 | AQ16: Phí môi trường (chăm sóc cây xanh, thảm cỏ) | AR16: =AR53+AR90+AR127+AR164+AR201 -> 0 | AS16: =AS53+AS90+AS127+AS164+AS201 -> 0 | AT16: =AT53+AT90+AT127+AT164+AT201 -> 2.8 | AU16: =AU53+AU90+AU127+AU164+AU201 -> 0 | AV16: =AV53+AV90+AV127+AV164+AV201 -> 5.4677781 | AW16: =AW53+AW90+AW127+AW164+AW201 -> 8.2677781 | AX16: =AX53+AX90+AX127+AX164+AX201 -> 6.078309 | AY16: =AY53+AY90+AY127+AY164+AY201 -> 4.630309 | ... CA16: =CA53+CA90+CA127+CA164+CA201 -> 0 | CC16: 9 | CD16: CP03-10 | CE16: Phí môi trường (chăm sóc cây xanh, thảm cỏ) | CF16: ='1.Danh muc CPHC'!CF53+'1.Danh muc CPHC'!CF90+'1.Danh muc CPHC'!CF127+'1.Danh muc CPHC'!CF164+'1.Danh muc CPHC'!CF201 -> 0 | CG16: ='1.Danh muc CPHC'!CG53+'1.Danh muc CPHC'!CG90+'1.Danh muc CPHC'!CG127+'1.Danh muc CPHC'!CG164+'1.Danh muc CPHC'!CG201 -> 1.0130892 | CH16: ='1.Danh muc CPHC'!CH53+'1.Danh muc CPHC'!CH90+'1.Danh muc CPHC'!CH127+'1.Danh muc CPHC'!CH164+'1.Danh muc CPHC'!CH201 -> 0 | CI16: ='1.Danh muc CPHC'!CI53+'1.Danh muc CPHC'!CI90+'1.Danh muc CPHC'!CI127+'1.Danh muc CPHC'!CI164+'1.Danh muc CPHC'!CI201 -> 0 | CJ16: ='1.Danh muc CPHC'!CJ53+'1.Danh muc CPHC'!CJ90+'1.Danh muc CPHC'!CJ127+'1.Danh muc CPHC'!CJ164+'1.Danh muc CPHC'!CJ201 -> 1.2150618 | CK16: ='1.Danh muc CPHC'!CK53+'1.Danh muc CPHC'!CK90+'1.Danh muc CPHC'!CK127+'1.Danh muc CPHC'!CK164+'1.Danh muc CPHC'!CK201 -> 1.2150618 | CL16: =CL53+CL90+CL127+CL164+CL201 -> 0 | CM16: =CM53+CM90+CM127+CM164+CM201 -> 0 | CN16: =CN53+CN90+CN127+CN164+CN201 -> 0 | CO16: =CO53+CO90+CO127+CO164+CO201 -> 0 | CP16: =CP53+CP90+CP127+CP164+CP201 -> 0 | CQ16: =CQ53+CQ90+CQ127+CQ164+CQ201 -> 0 | CR16: =CR53+CR90+CR127+CR164+CR201 -> 0 | CS16: =CS53+CS90+CS127+CS164+CS201 -> 0 | ... CX16: =CX53+CX90+CX127+CX164+CX201 -> 1.2150618 | DQ16: 9 | DR16: CP03-10 | DS16: Phí môi trường (chăm sóc cây xanh, thảm cỏ) | DT16: =DT53+DT90+DT127+DT164+DT201 -> 0 | DU16: =DU53+DU90+DU127+DU164+DU201 -> 4.1 | DV16: =DV53+DV90+DV127+DV164+DV201 -> 0 | DW16: =DW53+DW90+DW127+DW164+DW201 -> 0 | DX16: =DX53+DX90+DX127+DX164+DX201 -> 0 | DY16: =DY53+DY90+DY127+DY164+DY201 -> 0 | DZ16: =DZ53+DZ90+DZ127+DZ164+DZ201 -> 1.544 | EA16: =EA53+EA90+EA127+EA164+EA201 -> 1.544 | ... EP16: =EP53+EP90+EP127+EP164+EP201 -> 0 | FE16: 9 | FF16: CP03-10 | FG16: Phí môi trường (chăm sóc cây xanh, thảm cỏ) | FH16: =FH53+FH90+FH127+FH164+FH201 -> 5.298838 | FI16: =FI53+FI90+FI127+FI164+FI201 -> 15.962421 | FJ16: =FJ53+FJ90+FJ127+FJ164+FJ201 -> 1.294413 | FK16: =FK53+FK90+FK127+FK164+FK201 -> 1.37275 | FL16: =FL53+FL90+FL127+FL164+FL201 -> 0.42275 | FM16: =FM53+FM90+FM127+FM164+FM201 -> 3.089913 | FN16: =FN53+FN90+FN127+FN164+FN201 -> 0.42275 | FO16: =FO53+FO90+FO127+FO164+FO201 -> 0.42275 | ... GQ16: =GQ53+GQ90+GQ127+GQ164+GQ201 -> 0 | GS16: 9 | GT16: CP03-10 | GU16: Phí môi trường (chăm sóc cây xanh, thảm cỏ) | GV16: =GV53+GV90+GV127+GV164+GV201 -> 7.7897029 | GW16: =GW53+GW90+GW127+GW164+GW201 -> 25.604534 | GX16: =GX53+GX90+GX127+GX164+GX201 -> 1.664001 | GY16: =GY53+GY90+GY127+GY164+GY201 -> 2.369001 | GZ16: =GZ53+GZ90+GZ127+GZ164+GZ201 -> 4.724001 | HA16: =HA53+HA90+HA127+HA164+HA201 -> 8.757003 | HB16: =HB53+HB90+HB127+HB164+HB201 -> 4.529001 | HC16: =HC53+HC90+HC127+HC164+HC201 -> 1.663993 | ... IE16: =IE53+IE90+IE127+IE164+IE201 -> 2.672667
A17: II | C17: Chi phí tiện ích văn phòng | D17: =SUM(D18:D24) -> 227.77132 | E17: =SUM(E18:E24) -> 971.2537 | F17: =SUM(F18:F24) -> 111.06993 | G17: =SUM(G18:G24) -> 80.861302 | H17: =SUM(H18:H24) -> 78.291855 | I17: =SUM(I18:I24) -> 270.22309 | J17: =SUM(J18:J24) -> 67.693609 | K17: =SUM(K18:K24) -> 72.275747 | ... AM17: =SUM(AM18:AM24) -> 28.258889 | AO17: II | AQ17: Chi phí tiện ích văn phòng | AR17: =SUM(AR18:AR24) -> 78.907169 | AS17: =SUM(AS18:AS24) -> 300.93741 | AT17: =SUM(AT18:AT24) -> 45.256791 | AU17: =SUM(AU18:AU24) -> 38.000604 | AV17: =SUM(AV18:AV24) -> 36.096628 | AW17: =SUM(AW18:AW24) -> 119.35402 | AX17: =SUM(AX18:AX24) -> 33.656929 | AY17: =SUM(AY18:AY24) -> 41.153212 | ... CA17: =SUM(CA18:CA24) -> 0 | CC17: II | CE17: Chi phí tiện ích văn phòng | CF17: =SUM(CF18:CF24) -> 11.181888 | CG17: =SUM(CG18:CG24) -> 237.32678 | CH17: =SUM(CH18:CH24) -> 9.8491275 | CI17: =SUM(CI18:CI24) -> 8.4491967 | CJ17: =SUM(CJ18:CJ24) -> 8.3297299 | CK17: =SUM(CK18:CK24) -> 26.628054 | CL17: =SUM(CL18:CL24) -> 0 | CM17: =SUM(CM18:CM24) -> 0 | ... CX17: =SUM(CX18:CX24) -> 26.628054 | DQ17: II | DS17: Chi phí tiện ích văn phòng | DT17: =SUM(DT18:DT24) -> 51.8904 | DU17: =SUM(DU18:DU24) -> 114.3438 | DV17: =SUM(DV18:DV24) -> 16.236578 | DW17: =SUM(DW18:DW24) -> 11.818962 | DX17: =SUM(DX18:DX24) -> 10.288097 | DY17: =SUM(DY18:DY24) -> 38.343637 | DZ17: =SUM(DZ18:DZ24) -> 12.246768 | EA17: =SUM(EA18:EA24) -> 12.043693 | ... EP17: =SUM(EP18:EP24) -> 0 | FE17: II | FG17: Chi phí tiện ích văn phòng | FH17: =SUM(FH18:FH24) -> 30.075079 | FI17: =SUM(FI18:FI24) -> 102.17722 | FJ17: =SUM(FJ18:FJ24) -> 20.128163 | FK17: =SUM(FK18:FK24) -> 11.261375 | FL17: =SUM(FL18:FL24) -> 7.013535 | FM17: =SUM(FM18:FM24) -> 38.403073 | FN17: =SUM(FN18:FN24) -> 9.752154 | FO17: =SUM(FO18:FO24) -> 7.471542 | ... GQ17: =SUM(GQ18:GQ24) -> 0 | GS17: II | GU17: Chi phí tiện ích văn phòng | GV17: =SUM(GV18:GV24) -> 55.716782 | GW17: =SUM(GW18:GW24) -> 216.4685 | GX17: =SUM(GX18:GX24) -> 19.59927 | GY17: =SUM(GY18:GY24) -> 11.331164 | GZ17: =SUM(GZ18:GZ24) -> 16.563865 | HA17: =SUM(HA18:HA24) -> 47.494299 | HB17: =SUM(HB18:HB24) -> 12.037758 | HC17: =SUM(HC18:HC24) -> 11.6073 | ... IE17: =SUM(IE18:IE24) -> 28.258889
A18: 10 | B18: CP04-01 | C18: Bưu phẩm, chuyển phát nhanh | D18: =D55+D92+D129+D166+D203 -> 20.920046 | E18: =E55+E92+E129+E166+E203 -> 80.293908 | F18: =F55+F92+F129+F166+F203 -> 10.710248 | G18: =G55+G92+G129+G166+G203 -> 7.1583957 | H18: =H55+H92+H129+H166+H203 -> 5.5167204 | I18: =I55+I92+I129+I166+I203 -> 23.385364 | J18: =J55+J92+J129+J166+J203 -> 6.211725 | K18: =K55+K92+K129+K166+K203 -> 5.877204 | ... AM18: =AM55+AM92+AM129+AM166+AM203 -> 5.998741 | AO18: 10 | AP18: CP04-01 | AQ18: Bưu phẩm, chuyển phát nhanh | AR18: =AR55+AR92+AR129+AR166+AR203 -> 3.7438139 | AS18: =AS55+AS92+AS129+AS166+AS203 -> 19.376532 | AT18: =AT55+AT92+AT129+AT166+AT203 -> 1.3084376 | AU18: =AU55+AU92+AU129+AU166+AU203 -> 1.4006343 | AV18: =AV55+AV92+AV129+AV166+AV203 -> 0.9213022 | AW18: =AW55+AW92+AW129+AW166+AW203 -> 3.6303741 | AX18: =AX55+AX92+AX129+AX166+AX203 -> 1.115181 | AY18: =AY55+AY92+AY129+AY166+AY203 -> 1.107773 | ... CA18: =CA55+CA92+CA129+CA166+CA203 -> 0 | CC18: 10 | CD18: CP04-01 | CE18: Bưu phẩm, chuyển phát nhanh | CF18: ='1.Danh muc CPHC'!CF55+'1.Danh muc CPHC'!CF92+'1.Danh muc CPHC'!CF129+'1.Danh muc CPHC'!CF166+'1.Danh muc CPHC'!CF203 -> 0.58101295 | CG18: ='1.Danh muc CPHC'!CG55+'1.Danh muc CPHC'!CG92+'1.Danh muc CPHC'!CG129+'1.Danh muc CPHC'!CG166+'1.Danh muc CPHC'!CG203 -> 1.2571876 | CH18: ='1.Danh muc CPHC'!CH55+'1.Danh muc CPHC'!CH92+'1.Danh muc CPHC'!CH129+'1.Danh muc CPHC'!CH166+'1.Danh muc CPHC'!CH203 -> 0.3360332 | CI18: ='1.Danh muc CPHC'!CI55+'1.Danh muc CPHC'!CI92+'1.Danh muc CPHC'!CI129+'1.Danh muc CPHC'!CI166+'1.Danh muc CPHC'!CI203 -> 0.3479934 | CJ18: ='1.Danh muc CPHC'!CJ55+'1.Danh muc CPHC'!CJ92+'1.Danh muc CPHC'!CJ129+'1.Danh muc CPHC'!CJ166+'1.Danh muc CPHC'!CJ203 -> 0.22967616 | CK18: ='1.Danh muc CPHC'!CK55+'1.Danh muc CPHC'!CK92+'1.Danh muc CPHC'!CK129+'1.Danh muc CPHC'!CK166+'1.Danh muc CPHC'!CK203 -> 0.91370276 | CL18: =CL55+CL92+CL129+CL166+CL203 -> 0 | CM18: =CM55+CM92+CM129+CM166+CM203 -> 0 | CN18: =CN55+CN92+CN129+CN166+CN203 -> 0 | CO18: =CO55+CO92+CO129+CO166+CO203 -> 0 | CP18: =CP55+CP92+CP129+CP166+CP203 -> 0 | CQ18: =CQ55+CQ92+CQ129+CQ166+CQ203 -> 0 | CR18: =CR55+CR92+CR129+CR166+CR203 -> 0 | CS18: =CS55+CS92+CS129+CS166+CS203 -> 0 | ... CX18: =CX55+CX92+CX129+CX166+CX203 -> 0.91370276 | DQ18: 10 | DR18: CP04-01 | DS18: Bưu phẩm, chuyển phát nhanh | DT18: =DT55+DT92+DT129+DT166+DT203 -> 4.603193 | DU18: =DU55+DU92+DU129+DU166+DU203 -> 8.348779 | DV18: =DV55+DV92+DV129+DV166+DV203 -> 1.409232 | DW18: =DW55+DW92+DW129+DW166+DW203 -> 0.824236 | DX18: =DX55+DX92+DX129+DX166+DX203 -> 0.278323 | DY18: =DY55+DY92+DY129+DY166+DY203 -> 2.511791 | DZ18: =DZ55+DZ92+DZ129+DZ166+DZ203 -> 0.505718 | EA18: =EA55+EA92+EA129+EA166+EA203 -> 0.821111 | ... EP18: =EP55+EP92+EP129+EP166+EP203 -> 0 | FE18: 10 | FF18: CP04-01 | FG18: Bưu phẩm, chuyển phát nhanh | FH18: =FH55+FH92+FH129+FH166+FH203 -> 1.573788 | FI18: =FI55+FI92+FI129+FI166+FI203 -> 9.030771 | FJ18: =FJ55+FJ92+FJ129+FJ166+FJ203 -> 0.211204 | FK18: =FK55+FK92+FK129+FK166+FK203 -> 0.320185 | FL18: =FL55+FL92+FL129+FL166+FL203 -> 0.331481 | FM18: =FM55+FM92+FM129+FM166+FM203 -> 0.86287 | FN18: =FN55+FN92+FN129+FN166+FN203 -> 0.329627 | FO18: =FO55+FO92+FO129+FO166+FO203 -> 0.395174 | ... GQ18: =GQ55+GQ92+GQ129+GQ166+GQ203 -> 0 | GS18: 10 | GT18: CP04-01 | GU18: Bưu phẩm, chuyển phát nhanh | GV18: =GV55+GV92+GV129+GV166+GV203 -> 10.418238 | GW18: =GW55+GW92+GW129+GW166+GW203 -> 42.280639 | GX18: =GX55+GX92+GX129+GX166+GX203 -> 7.4453409 | GY18: =GY55+GY92+GY129+GY166+GY203 -> 4.265347 | GZ18: =GZ55+GZ92+GZ129+GZ166+GZ203 -> 3.755938 | HA18: =HA55+HA92+HA129+HA166+HA203 -> 15.466626 | HB18: =HB55+HB92+HB129+HB166+HB203 -> 4.261199 | HC18: =HC55+HC92+HC129+HC166+HC203 -> 3.553146 | ... IE18: =IE55+IE92+IE129+IE166+IE203 -> 5.998741
A19: 11 | B19: CP04-02 | C19: Chi phí Photocopy (sao y, dịch thuật...) | D19: =D56+D93+D130+D167+D204 -> 5.2 | E19: =E56+E93+E130+E167+E204 -> 19.497 | F19: =F56+F93+F130+F167+F204 -> 0 | G19: =G56+G93+G130+G167+G204 -> 0 | H19: =H56+H93+H130+H167+H204 -> 0 | I19: =I56+I93+I130+I167+I204 -> 0 | J19: =J56+J93+J130+J167+J204 -> 0 | K19: =K56+K93+K130+K167+K204 -> 1.091 | ... AM19: =AM56+AM93+AM130+AM167+AM204 -> 0 | AO19: 11 | AP19: CP04-02 | AQ19: Chi phí Photocopy (sao y, dịch thuật...) | AR19: =AR56+AR93+AR130+AR167+AR204 -> 0 | AS19: =AS56+AS93+AS130+AS167+AS204 -> 0 | AT19: =AT56+AT93+AT130+AT167+AT204 -> 0 | AU19: =AU56+AU93+AU130+AU167+AU204 -> 0 | AV19: =AV56+AV93+AV130+AV167+AV204 -> 0 | AW19: =AW56+AW93+AW130+AW167+AW204 -> 0 | AX19: =AX56+AX93+AX130+AX167+AX204 -> 0 | AY19: =AY56+AY93+AY130+AY167+AY204 -> 0 | ... CA19: =CA56+CA93+CA130+CA167+CA204 -> 0 | CC19: 11 | CD19: CP04-02 | CE19: Chi phí Photocopy (sao y, dịch thuật...) | CF19: ='1.Danh muc CPHC'!CF56+'1.Danh muc CPHC'!CF93+'1.Danh muc CPHC'!CF130+'1.Danh muc CPHC'!CF167+'1.Danh muc CPHC'!CF204 -> 0 | CG19: ='1.Danh muc CPHC'!CG56+'1.Danh muc CPHC'!CG93+'1.Danh muc CPHC'!CG130+'1.Danh muc CPHC'!CG167+'1.Danh muc CPHC'!CG204 -> 0 | CH19: ='1.Danh muc CPHC'!CH56+'1.Danh muc CPHC'!CH93+'1.Danh muc CPHC'!CH130+'1.Danh muc CPHC'!CH167+'1.Danh muc CPHC'!CH204 -> 0 | CI19: ='1.Danh muc CPHC'!CI56+'1.Danh muc CPHC'!CI93+'1.Danh muc CPHC'!CI130+'1.Danh muc CPHC'!CI167+'1.Danh muc CPHC'!CI204 -> 0 | CJ19: ='1.Danh muc CPHC'!CJ56+'1.Danh muc CPHC'!CJ93+'1.Danh muc CPHC'!CJ130+'1.Danh muc CPHC'!CJ167+'1.Danh muc CPHC'!CJ204 -> 0 | CK19: ='1.Danh muc CPHC'!CK56+'1.Danh muc CPHC'!CK93+'1.Danh muc CPHC'!CK130+'1.Danh muc CPHC'!CK167+'1.Danh muc CPHC'!CK204 -> 0 | CL19: =CL56+CL93+CL130+CL167+CL204 -> 0 | CM19: =CM56+CM93+CM130+CM167+CM204 -> 0 | CN19: =CN56+CN93+CN130+CN167+CN204 -> 0 | CO19: =CO56+CO93+CO130+CO167+CO204 -> 0 | CP19: =CP56+CP93+CP130+CP167+CP204 -> 0 | CQ19: =CQ56+CQ93+CQ130+CQ167+CQ204 -> 0 | CR19: =CR56+CR93+CR130+CR167+CR204 -> 0 | CS19: =CS56+CS93+CS130+CS167+CS204 -> 0 | ... CX19: =CX56+CX93+CX130+CX167+CX204 -> 0 | DQ19: 11 | DR19: CP04-02 | DS19: Chi phí Photocopy (sao y, dịch thuật...) | DT19: =DT56+DT93+DT130+DT167+DT204 -> 5.2 | DU19: =DU56+DU93+DU130+DU167+DU204 -> 19.2 | DV19: =DV56+DV93+DV130+DV167+DV204 -> 0 | DW19: =DW56+DW93+DW130+DW167+DW204 -> 0 | DX19: =DX56+DX93+DX130+DX167+DX204 -> 0 | DY19: =DY56+DY93+DY130+DY167+DY204 -> 0 | DZ19: =DZ56+DZ93+DZ130+DZ167+DZ204 -> 0 | EA19: =EA56+EA93+EA130+EA167+EA204 -> 1.091 | ... EP19: =EP56+EP93+EP130+EP167+EP204 -> 0 | FE19: 11 | FF19: CP04-02 | FG19: Chi phí Photocopy (sao y, dịch thuật...) | FH19: =FH56+FH93+FH130+FH167+FH204 -> 0 | FI19: =FI56+FI93+FI130+FI167+FI204 -> 0 | FJ19: =FJ56+FJ93+FJ130+FJ167+FJ204 -> 0 | FK19: =FK56+FK93+FK130+FK167+FK204 -> 0 | FL19: =FL56+FL93+FL130+FL167+FL204 -> 0 | FM19: =FM56+FM93+FM130+FM167+FM204 -> 0 | FN19: =FN56+FN93+FN130+FN167+FN204 -> 0 | FO19: =FO56+FO93+FO130+FO167+FO204 -> 0 | ... GQ19: =GQ56+GQ93+GQ130+GQ167+GQ204 -> 0 | GS19: 11 | GT19: CP04-02 | GU19: Chi phí Photocopy (sao y, dịch thuật...) | GV19: =GV56+GV93+GV130+GV167+GV204 -> 0 | GW19: =GW56+GW93+GW130+GW167+GW204 -> 0.297 | GX19: =GX56+GX93+GX130+GX167+GX204 -> 0 | GY19: =GY56+GY93+GY130+GY167+GY204 -> 0 | GZ19: =GZ56+GZ93+GZ130+GZ167+GZ204 -> 0 | HA19: =HA56+HA93+HA130+HA167+HA204 -> 0 | HB19: =HB56+HB93+HB130+HB167+HB204 -> 0 | HC19: =HC56+HC93+HC130+HC167+HC204 -> 0 | ... IE19: =IE56+IE93+IE130+IE167+IE204 -> 0
A20: 12 | B20: CP04-04 | C20: Văn phòng phẩm | D20: =D57+D94+D131+D168+D205 -> 62.089443 | E20: =E57+E94+E131+E168+E205 -> 319.51924 | F20: =F57+F94+F131+F168+F205 -> 28.712131 | G20: =G57+G94+G131+G168+G205 -> 17.161266 | H20: =H57+H94+H131+H168+H205 -> 14.801991 | I20: =I57+I94+I131+I168+I205 -> 60.675388 | J20: =J57+J94+J131+J168+J205 -> 14.229333 | K20: =K57+K94+K131+K168+K205 -> 11.290167 | ... AM20: =AM57+AM94+AM131+AM168+AM205 -> 5.8695 | AO20: 12 | AP20: CP04-04 | AQ20: Văn phòng phẩm | AR20: =AR57+AR94+AR131+AR168+AR205 -> 23.462917 | AS20: =AS57+AS94+AS131+AS168+AS205 -> 87.285624 | AT20: =AT57+AT94+AT131+AT168+AT205 -> 13.186694 | AU20: =AU57+AU94+AU131+AU168+AU205 -> 7.1777836 | AV20: =AV57+AV94+AV131+AV168+AV205 -> 6.804704 | AW20: =AW57+AW94+AW131+AW168+AW205 -> 27.169182 | AX20: =AX57+AX94+AX131+AX168+AX205 -> 7.731 | AY20: =AY57+AY94+AY131+AY168+AY205 -> 5.512 | ... CA20: =CA57+CA94+CA131+CA168+CA205 -> 0 | CC20: 12 | CD20: CP04-04 | CE20: Văn phòng phẩm | CF20: ='1.Danh muc CPHC'!CF57+'1.Danh muc CPHC'!CF94+'1.Danh muc CPHC'!CF131+'1.Danh muc CPHC'!CF168+'1.Danh muc CPHC'!CF205 -> 3.3017373 | CG20: ='1.Danh muc CPHC'!CG57+'1.Danh muc CPHC'!CG94+'1.Danh muc CPHC'!CG131+'1.Danh muc CPHC'!CG168+'1.Danh muc CPHC'!CG205 -> 39.4 | CH20: ='1.Danh muc CPHC'!CH57+'1.Danh muc CPHC'!CH94+'1.Danh muc CPHC'!CH131+'1.Danh muc CPHC'!CH168+'1.Danh muc CPHC'!CH205 -> 3.339162 | CI20: ='1.Danh muc CPHC'!CI57+'1.Danh muc CPHC'!CI94+'1.Danh muc CPHC'!CI131+'1.Danh muc CPHC'!CI168+'1.Danh muc CPHC'!CI205 -> 1.8124328 | CJ20: ='1.Danh muc CPHC'!CJ57+'1.Danh muc CPHC'!CJ94+'1.Danh muc CPHC'!CJ131+'1.Danh muc CPHC'!CJ168+'1.Danh muc CPHC'!CJ205 -> 1.712704 | CK20: ='1.Danh muc CPHC'!CK57+'1.Danh muc CPHC'!CK94+'1.Danh muc CPHC'!CK131+'1.Danh muc CPHC'!CK168+'1.Danh muc CPHC'!CK205 -> 6.8642988 | CL20: =CL57+CL94+CL131+CL168+CL205 -> 0 | CM20: =CM57+CM94+CM131+CM168+CM205 -> 0 | CN20: =CN57+CN94+CN131+CN168+CN205 -> 0 | CO20: =CO57+CO94+CO131+CO168+CO205 -> 0 | CP20: =CP57+CP94+CP131+CP168+CP205 -> 0 | CQ20: =CQ57+CQ94+CQ131+CQ168+CQ205 -> 0 | CR20: =CR57+CR94+CR131+CR168+CR205 -> 0 | CS20: =CS57+CS94+CS131+CS168+CS205 -> 0 | ... CX20: =CX57+CX94+CX131+CX168+CX205 -> 6.8642988 | DQ20: 12 | DR20: CP04-04 | DS20: Văn phòng phẩm | DT20: =DT57+DT94+DT131+DT168+DT205 -> 6.52304 | DU20: =DU57+DU94+DU131+DU168+DU205 -> 27.48 | DV20: =DV57+DV94+DV131+DV168+DV205 -> 2.256 | DW20: =DW57+DW94+DW131+DW168+DW205 -> 1.895 | DX20: =DX57+DX94+DX131+DX168+DX205 -> 2.094 | DY20: =DY57+DY94+DY131+DY168+DY205 -> 6.245 | DZ20: =DZ57+DZ94+DZ131+DZ168+DZ205 -> 2.321 | EA20: =EA57+EA94+EA131+EA168+EA205 -> 1.5395 | ... EP20: =EP57+EP94+EP131+EP168+EP205 -> 0 | FE20: 12 | FF20: CP04-04 | FG20: Văn phòng phẩm | FH20: =FH57+FH94+FH131+FH168+FH205 -> 18.49729 | FI20: =FI57+FI94+FI131+FI168+FI205 -> 78.411468 | FJ20: =FJ57+FJ94+FJ131+FJ168+FJ205 -> 4.651 | FK20: =FK57+FK94+FK131+FK168+FK205 -> 2.6885 | FL20: =FL57+FL94+FL131+FL168+FL205 -> 2.714833 | FM20: =FM57+FM94+FM131+FM168+FM205 -> 10.054333 | FN20: =FN57+FN94+FN131+FN168+FN205 -> 1.877333 | FO20: =FO57+FO94+FO131+FO168+FO205 -> 1.965334 | ... GQ20: =GQ57+GQ94+GQ131+GQ168+GQ205 -> 0 | GS20: 12 | GT20: CP04-04 | GU20: Văn phòng phẩm | GV20: =GV57+GV94+GV131+GV168+GV205 -> 10.304459 | GW20: =GW57+GW94+GW131+GW168+GW205 -> 86.942151 | GX20: =GX57+GX94+GX131+GX168+GX205 -> 5.279275 | GY20: =GY57+GY94+GY131+GY168+GY205 -> 3.58755 | GZ20: =GZ57+GZ94+GZ131+GZ168+GZ205 -> 1.47575 | HA20: =HA57+HA94+HA131+HA168+HA205 -> 10.342575 | HB20: =HB57+HB94+HB131+HB168+HB205 -> 2.3 | HC20: =HC57+HC94+HC131+HC168+HC205 -> 2.273333 | ... IE20: =IE57+IE94+IE131+IE168+IE205 -> 5.8695
A21: 13 | B21: CP04-12 | C21: Tạp phẩm, hóa phẩm văn phòng | D21: =D58+D95+D132+D169+D206 -> 64.037363 | E21: =E58+E95+E132+E169+E206 -> 164.94461 | F21: =F58+F95+F132+F169+F206 -> 30.408707 | G21: =G58+G95+G132+G169+G206 -> 30.236142 | H21: =H58+H95+H132+H169+H206 -> 33.802132 | I21: =I58+I95+I132+I169+I206 -> 94.446981 | J21: =J58+J95+J132+J169+J206 -> 27.578575 | K21: =K58+K95+K132+K169+K206 -> 29.390598 | ... AM21: =AM58+AM95+AM132+AM169+AM206 -> 7.945018 | AO21: 13 | AP21: CP04-12 | AQ21: Tạp phẩm, hóa phẩm văn phòng | AR21: =AR58+AR95+AR132+AR169+AR206 -> 30.989987 | AS21: =AS58+AS95+AS132+AS169+AS206 -> 81.614612 | AT21: =AT58+AT95+AT132+AT169+AT206 -> 15.817 | AU21: =AU58+AU95+AU132+AU169+AU206 -> 16.907517 | AV21: =AV58+AV95+AV132+AV169+AV206 -> 15.162038 | AW21: =AW58+AW95+AW132+AW169+AW206 -> 47.886555 | AX21: =AX58+AX95+AX132+AX169+AX206 -> 12.347017 | AY21: =AY58+AY95+AY132+AY169+AY206 -> 16.655086 | ... CA21: =CA58+CA95+CA132+CA169+CA206 -> 0 | CC21: 13 | CD21: CP04-12 | CE21: Tạp phẩm, hóa phẩm văn phòng | CF21: ='1.Danh muc CPHC'!CF58+'1.Danh muc CPHC'!CF95+'1.Danh muc CPHC'!CF132+'1.Danh muc CPHC'!CF169+'1.Danh muc CPHC'!CF206 -> 3.947376 | CG21: ='1.Danh muc CPHC'!CG58+'1.Danh muc CPHC'!CG95+'1.Danh muc CPHC'!CG132+'1.Danh muc CPHC'!CG169+'1.Danh muc CPHC'!CG206 -> 53.66 | CH21: ='1.Danh muc CPHC'!CH58+'1.Danh muc CPHC'!CH95+'1.Danh muc CPHC'!CH132+'1.Danh muc CPHC'!CH169+'1.Danh muc CPHC'!CH206 -> 3.7 | CI21: ='1.Danh muc CPHC'!CI58+'1.Danh muc CPHC'!CI95+'1.Danh muc CPHC'!CI132+'1.Danh muc CPHC'!CI169+'1.Danh muc CPHC'!CI206 -> 3.4507333 | CJ21: ='1.Danh muc CPHC'!CJ58+'1.Danh muc CPHC'!CJ95+'1.Danh muc CPHC'!CJ132+'1.Danh muc CPHC'!CJ169+'1.Danh muc CPHC'!CJ206 -> 3.2140064 | CK21: ='1.Danh muc CPHC'!CK58+'1.Danh muc CPHC'!CK95+'1.Danh muc CPHC'!CK132+'1.Danh muc CPHC'!CK169+'1.Danh muc CPHC'!CK206 -> 10.36474 | CL21: =CL58+CL95+CL132+CL169+CL206 -> 0 | CM21: =CM58+CM95+CM132+CM169+CM206 -> 0 | CN21: =CN58+CN95+CN132+CN169+CN206 -> 0 | CO21: =CO58+CO95+CO132+CO169+CO206 -> 0 | CP21: =CP58+CP95+CP132+CP169+CP206 -> 0 | CQ21: =CQ58+CQ95+CQ132+CQ169+CQ206 -> 0 | CR21: =CR58+CR95+CR132+CR169+CR206 -> 0 | CS21: =CS58+CS95+CS132+CS169+CS206 -> 0 | ... CX21: =CX58+CX95+CX132+CX169+CX206 -> 10.36474 | DQ21: 13 | DR21: CP04-12 | DS21: Tạp phẩm, hóa phẩm văn phòng | DT21: =DT58+DT95+DT132+DT169+DT206 -> 13.6 | DU21: =DU58+DU95+DU132+DU169+DU206 -> 0 | DV21: =DV58+DV95+DV132+DV169+DV206 -> 3.313081 | DW21: =DW58+DW95+DW132+DW169+DW206 -> 3.02659 | DX21: =DX58+DX95+DX132+DX169+DX206 -> 3.138774 | DY21: =DY58+DY95+DY132+DY169+DY206 -> 9.478445 | DZ21: =DZ58+DZ95+DZ132+DZ169+DZ206 -> 3.860656 | EA21: =EA58+EA95+EA132+EA169+EA206 -> 4.135415 | ... EP21: =EP58+EP95+EP132+EP169+EP206 -> 0 | FE21: 13 | FF21: CP04-12 | FG21: Tạp phẩm, hóa phẩm văn phòng | FH21: =FH58+FH95+FH132+FH169+FH206 -> 0 | FI21: =FI58+FI95+FI132+FI169+FI206 -> 0 | FJ21: =FJ58+FJ95+FJ132+FJ169+FJ206 -> 3.578626 | FK21: =FK58+FK95+FK132+FK169+FK206 -> 4.816024 | FL21: =FL58+FL95+FL132+FL169+FL206 -> 3.887221 | FM21: =FM58+FM95+FM132+FM169+FM206 -> 12.281871 | FN21: =FN58+FN95+FN132+FN169+FN206 -> 6.723527 | FO21: =FO58+FO95+FO132+FO169+FO206 -> 4.299367 | ... GQ21: =GQ58+GQ95+GQ132+GQ169+GQ206 -> 0 | GS21: 13 | GT21: CP04-12 | GU21: Tạp phẩm, hóa phẩm văn phòng | GV21: =GV58+GV95+GV132+GV169+GV206 -> 15.5 | GW21: =GW58+GW95+GW132+GW169+GW206 -> 29.67 | GX21: =GX58+GX95+GX132+GX169+GX206 -> 4 | GY21: =GY58+GY95+GY132+GY169+GY206 -> 2.035278 | GZ21: =GZ58+GZ95+GZ132+GZ169+GZ206 -> 8.400092 | HA21: =HA58+HA95+HA132+HA169+HA206 -> 14.43537 | HB21: =HB58+HB95+HB132+HB169+HB206 -> 4.647375 | HC21: =HC58+HC95+HC132+HC169+HC206 -> 4.30073 | ... IE21: =IE58+IE95+IE132+IE169+IE206 -> 7.945018
A22: 14 | B22: CP04-05 | C22: Chi phí trang trí văn phòng, quầy lễ tân | D22: =D59+D96+D133+D170+D207 -> 45.429606 | E22: =E59+E96+E133+E170+E207 -> 210.68644 | F22: =F59+F96+F133+F170+F207 -> 31.005976 | G22: =G59+G96+G133+G170+G207 -> 17.522508 | H22: =H59+H96+H133+H170+H207 -> 13.009584 | I22: =I59+I96+I133+I170+I207 -> 61.538067 | J22: =J59+J96+J133+J170+J207 -> 10.362836 | K22: =K59+K96+K133+K170+K207 -> 9.552836 | ... AM22: =AM59+AM96+AM133+AM170+AM207 -> 0 | AO22: 14 | AP22: CP04-05 | AQ22: Chi phí trang trí văn phòng, quầy lễ tân | AR22: =AR59+AR96+AR133+AR170+AR207 -> 10.313649 | AS22: =AS59+AS96+AS133+AS170+AS207 -> 55.736806 | AT22: =AT59+AT96+AT133+AT170+AT207 -> 10.779176 | AU22: =AU59+AU96+AU133+AU170+AU207 -> 9.0701724 | AV22: =AV59+AV96+AV133+AV170+AV207 -> 8.1870884 | AW22: =AW59+AW96+AW133+AW170+AW207 -> 28.036437 | AX22: =AX59+AX96+AX133+AX170+AX207 -> 7.586836 | AY22: =AY59+AY96+AY133+AY170+AY207 -> 7.276836 | ... CA22: =CA59+CA96+CA133+CA170+CA207 -> 0 | CC22: 14 | CD22: CP04-05 | CE22: Chi phí trang trí văn phòng, quầy lễ tân | CF22: ='1.Danh muc CPHC'!CF59+'1.Danh muc CPHC'!CF96+'1.Danh muc CPHC'!CF133+'1.Danh muc CPHC'!CF170+'1.Danh muc CPHC'!CF207 -> 1.7258806 | CG22: ='1.Danh muc CPHC'!CG59+'1.Danh muc CPHC'!CG96+'1.Danh muc CPHC'!CG133+'1.Danh muc CPHC'!CG170+'1.Danh muc CPHC'!CG207 -> 95.840401 | CH22: ='1.Danh muc CPHC'!CH59+'1.Danh muc CPHC'!CH96+'1.Danh muc CPHC'!CH133+'1.Danh muc CPHC'!CH170+'1.Danh muc CPHC'!CH207 -> 1.5834 | CI22: ='1.Danh muc CPHC'!CI59+'1.Danh muc CPHC'!CI96+'1.Danh muc CPHC'!CI133+'1.Danh muc CPHC'!CI170+'1.Danh muc CPHC'!CI207 -> 2.0209272 | CJ22: ='1.Danh muc CPHC'!CJ59+'1.Danh muc CPHC'!CJ96+'1.Danh muc CPHC'!CJ133+'1.Danh muc CPHC'!CJ170+'1.Danh muc CPHC'!CJ207 -> 1.8794952 | CK22: ='1.Danh muc CPHC'!CK59+'1.Danh muc CPHC'!CK96+'1.Danh muc CPHC'!CK133+'1.Danh muc CPHC'!CK170+'1.Danh muc CPHC'!CK207 -> 5.4838224 | CL22: =CL59+CL96+CL133+CL170+CL207 -> 0 | CM22: =CM59+CM96+CM133+CM170+CM207 -> 0 | CN22: =CN59+CN96+CN133+CN170+CN207 -> 0 | CO22: =CO59+CO96+CO133+CO170+CO207 -> 0 | CP22: =CP59+CP96+CP133+CP170+CP207 -> 0 | CQ22: =CQ59+CQ96+CQ133+CQ170+CQ207 -> 0 | CR22: =CR59+CR96+CR133+CR170+CR207 -> 0 | CS22: =CS59+CS96+CS133+CS170+CS207 -> 0 | ... CX22: =CX59+CX96+CX133+CX170+CX207 -> 5.4838224 | DQ22: 14 | DR22: CP04-05 | DS22: Chi phí trang trí văn phòng, quầy lễ tân | DT22: =DT59+DT96+DT133+DT170+DT207 -> 18.8867 | DU22: =DU59+DU96+DU133+DU170+DU207 -> 35.818687 | DV22: =DV59+DV96+DV133+DV170+DV207 -> 8.6534 | DW22: =DW59+DW96+DW133+DW170+DW207 -> 3.820408 | DX22: =DX59+DX96+DX133+DX170+DX207 -> 2.832 | DY22: =DY59+DY96+DY133+DY170+DY207 -> 15.305808 | DZ22: =DZ59+DZ96+DZ133+DZ170+DZ207 -> 2.665 | EA22: =EA59+EA96+EA133+EA170+EA207 -> 2.165 | ... EP22: =EP59+EP96+EP133+EP170+EP207 -> 0 | FE22: 14 | FF22: CP04-05 | FG22: Chi phí trang trí văn phòng, quầy lễ tân | FH22: =FH59+FH96+FH133+FH170+FH207 -> 6.064 | FI22: =FI59+FI96+FI133+FI170+FI207 -> 8.373865 | FJ22: =FJ59+FJ96+FJ133+FJ170+FJ207 -> 9.479 | FK22: =FK59+FK96+FK133+FK170+FK207 -> 2.5 | FL22: =FL59+FL96+FL133+FL170+FL207 -> 0 | FM22: =FM59+FM96+FM133+FM170+FM207 -> 11.979 | FN22: =FN59+FN96+FN133+FN170+FN207 -> 0 | FO22: =FO59+FO96+FO133+FO170+FO207 -> 0 | ... GQ22: =GQ59+GQ96+GQ133+GQ170+GQ207 -> 0 | GS22: 14 | GT22: CP04-05 | GU22: Chi phí trang trí văn phòng, quầy lễ tân | GV22: =GV59+GV96+GV133+GV170+GV207 -> 8.4393764 | GW22: =GW59+GW96+GW133+GW170+GW207 -> 14.916677 | GX22: =GX59+GX96+GX133+GX170+GX207 -> 0.511 | GY22: =GY59+GY96+GY133+GY170+GY207 -> 0.111 | GZ22: =GZ59+GZ96+GZ133+GZ170+GZ207 -> 0.111 | HA22: =HA59+HA96+HA133+HA170+HA207 -> 0.733 | HB22: =HB59+HB96+HB133+HB170+HB207 -> 0.111 | HC22: =HC59+HC96+HC133+HC170+HC207 -> 0.111 | ... IE22: =IE59+IE96+IE133+IE170+IE207 -> 0
A23: 15 | B23: CP04-07 | C23: Chi phí in ấn (bao thư, namecard) | D23: =D60+D97+D134+D171+D208 -> 30.09486 | E23: =E60+E97+E134+E171+E208 -> 176.3125 | F23: =F60+F97+F134+F171+F208 -> 10.232868 | G23: =G60+G97+G134+G171+G208 -> 8.78299 | H23: =H60+H97+H134+H171+H208 -> 11.161428 | I23: =I60+I97+I134+I171+I208 -> 30.177286 | J23: =J60+J97+J134+J171+J208 -> 9.31114 | K23: =K60+K97+K134+K171+K208 -> 15.073942 | ... AM23: =AM60+AM97+AM134+AM171+AM208 -> 8.44563 | AO23: 15 | AP23: CP04-07 | AQ23: Chi phí in ấn (bao thư, namecard) | AR23: =AR60+AR97+AR134+AR171+AR208 -> 10.396802 | AS23: =AS60+AS97+AS134+AS171+AS208 -> 56.923841 | AT23: =AT60+AT97+AT134+AT171+AT208 -> 4.1654838 | AU23: =AU60+AU97+AU134+AU171+AU208 -> 3.444497 | AV23: =AV60+AV97+AV134+AV171+AV208 -> 5.0214949 | AW23: =AW60+AW97+AW134+AW171+AW208 -> 12.631476 | AX23: =AX60+AX97+AX134+AX171+AX208 -> 4.876895 | AY23: =AY60+AY97+AY134+AY171+AY208 -> 10.601517 | ... CA23: =CA60+CA97+CA134+CA171+CA208 -> 0 | CC23: 15 | CD23: CP04-07 | CE23: Chi phí in ấn (bao thư, namecard) | CF23: ='1.Danh muc CPHC'!CF60+'1.Danh muc CPHC'!CF97+'1.Danh muc CPHC'!CF134+'1.Danh muc CPHC'!CF171+'1.Danh muc CPHC'!CF208 -> 1.6258806 | CG23: ='1.Danh muc CPHC'!CG60+'1.Danh muc CPHC'!CG97+'1.Danh muc CPHC'!CG134+'1.Danh muc CPHC'!CG171+'1.Danh muc CPHC'!CG208 -> 47.169188 | CH23: ='1.Danh muc CPHC'!CH60+'1.Danh muc CPHC'!CH97+'1.Danh muc CPHC'!CH134+'1.Danh muc CPHC'!CH171+'1.Danh muc CPHC'!CH208 -> 0.89053228 | CI23: ='1.Danh muc CPHC'!CI60+'1.Danh muc CPHC'!CI97+'1.Danh muc CPHC'!CI134+'1.Danh muc CPHC'!CI171+'1.Danh muc CPHC'!CI208 -> 0.81711004 | CJ23: ='1.Danh muc CPHC'!CJ60+'1.Danh muc CPHC'!CJ97+'1.Danh muc CPHC'!CJ134+'1.Danh muc CPHC'!CJ171+'1.Danh muc CPHC'!CJ208 -> 1.2938482 | CK23: ='1.Danh muc CPHC'!CK60+'1.Danh muc CPHC'!CK97+'1.Danh muc CPHC'!CK134+'1.Danh muc CPHC'!CK171+'1.Danh muc CPHC'!CK208 -> 3.0014905 | CL23: =CL60+CL97+CL134+CL171+CL208 -> 0 | CM23: =CM60+CM97+CM134+CM171+CM208 -> 0 | CN23: =CN60+CN97+CN134+CN171+CN208 -> 0 | CO23: =CO60+CO97+CO134+CO171+CO208 -> 0 | CP23: =CP60+CP97+CP134+CP171+CP208 -> 0 | CQ23: =CQ60+CQ97+CQ134+CQ171+CQ208 -> 0 | CR23: =CR60+CR97+CR134+CR171+CR208 -> 0 | CS23: =CS60+CS97+CS134+CS171+CS208 -> 0 | ... CX23: =CX60+CX97+CX134+CX171+CX208 -> 3.0014905 | DQ23: 15 | DR23: CP04-07 | DS23: Chi phí in ấn (bao thư, namecard) | DT23: =DT60+DT97+DT134+DT171+DT208 -> 3.077467 | DU23: =DU60+DU97+DU134+DU171+DU208 -> 23.496332 | DV23: =DV60+DV97+DV134+DV171+DV208 -> 0.604865 | DW23: =DW60+DW97+DW134+DW171+DW208 -> 2.252728 | DX23: =DX60+DX97+DX134+DX171+DX208 -> 1.945 | DY23: =DY60+DY97+DY134+DY171+DY208 -> 4.802593 | DZ23: =DZ60+DZ97+DZ134+DZ171+DZ208 -> 2.894394 | EA23: =EA60+EA97+EA134+EA171+EA208 -> 2.291667 | ... EP23: =EP60+EP97+EP134+EP171+EP208 -> 0 | FE23: 15 | FF23: CP04-07 | FG23: Chi phí in ấn (bao thư, namecard) | FH23: =FH60+FH97+FH134+FH171+FH208 -> 3.940001 | FI23: =FI60+FI97+FI134+FI171+FI208 -> 6.361113 | FJ23: =FJ60+FJ97+FJ134+FJ171+FJ208 -> 2.208333 | FK23: =FK60+FK97+FK134+FK171+FK208 -> 0.936666 | FL23: =FL60+FL97+FL134+FL171+FL208 -> 0.08 | FM23: =FM60+FM97+FM134+FM171+FM208 -> 3.224999 | FN23: =FN60+FN97+FN134+FN171+FN208 -> 0.821667 | FO23: =FO60+FO97+FO134+FO171+FO208 -> 0.811667 | ... GQ23: =GQ60+GQ97+GQ134+GQ171+GQ208 -> 0 | GS23: 15 | GT23: CP04-07 | GU23: Chi phí in ấn (bao thư, namecard) | GV23: =GV60+GV97+GV134+GV171+GV208 -> 11.054709 | GW23: =GW60+GW97+GW134+GW171+GW208 -> 42.362028 | GX23: =GX60+GX97+GX134+GX171+GX208 -> 2.363654 | GY23: =GY60+GY97+GY134+GY171+GY208 -> 1.331989 | GZ23: =GZ60+GZ97+GZ134+GZ171+GZ208 -> 2.821085 | HA23: =HA60+HA97+HA134+HA171+HA208 -> 6.516728 | HB23: =HB60+HB97+HB134+HB171+HB208 -> 0.718184 | HC23: =HC60+HC97+HC134+HC171+HC208 -> 1.369091 | ... IE23: =IE60+IE97+IE134+IE171+IE208 -> 8.44563
A24: 16 | B24: CP04-08 | C24: Chi phí hoạt động thư viện (sách, báo, …) | D24: =D61+D98+D135+D172+D209 -> 0 | E24: =E61+E98+E135+E172+E209 -> 0 | F24: =F61+F98+F135+F172+F209 -> 0 | G24: =G61+G98+G135+G172+G209 -> 0 | H24: =H61+H98+H135+H172+H209 -> 0 | I24: =I61+I98+I135+I172+I209 -> 0 | J24: =J61+J98+J135+J172+J209 -> 0 | K24: =K61+K98+K135+K172+K209 -> 0 | ... AM24: =AM61+AM98+AM135+AM172+AM209 -> 0 | AO24: 16 | AP24: CP04-08 | AQ24: Chi phí hoạt động thư viện (sách, báo, …) | AR24: =AR61+AR98+AR135+AR172+AR209 -> 0 | AS24: =AS61+AS98+AS135+AS172+AS209 -> 0 | AT24: =AT61+AT98+AT135+AT172+AT209 -> 0 | AU24: =AU61+AU98+AU135+AU172+AU209 -> 0 | AV24: =AV61+AV98+AV135+AV172+AV209 -> 0 | AW24: =AW61+AW98+AW135+AW172+AW209 -> 0 | AX24: =AX61+AX98+AX135+AX172+AX209 -> 0 | AY24: =AY61+AY98+AY135+AY172+AY209 -> 0 | ... CA24: =CA61+CA98+CA135+CA172+CA209 -> 0 | CC24: 16 | CD24: CP04-08 | CE24: Chi phí hoạt động thư viện (sách, báo, …) | CF24: ='1.Danh muc CPHC'!CF61+'1.Danh muc CPHC'!CF98+'1.Danh muc CPHC'!CF135+'1.Danh muc CPHC'!CF172+'1.Danh muc CPHC'!CF209 -> 0 | CG24: ='1.Danh muc CPHC'!CG61+'1.Danh muc CPHC'!CG98+'1.Danh muc CPHC'!CG135+'1.Danh muc CPHC'!CG172+'1.Danh muc CPHC'!CG209 -> 0 | CH24: ='1.Danh muc CPHC'!CH61+'1.Danh muc CPHC'!CH98+'1.Danh muc CPHC'!CH135+'1.Danh muc CPHC'!CH172+'1.Danh muc CPHC'!CH209 -> 0 | CI24: ='1.Danh muc CPHC'!CI61+'1.Danh muc CPHC'!CI98+'1.Danh muc CPHC'!CI135+'1.Danh muc CPHC'!CI172+'1.Danh muc CPHC'!CI209 -> 0 | CJ24: ='1.Danh muc CPHC'!CJ61+'1.Danh muc CPHC'!CJ98+'1.Danh muc CPHC'!CJ135+'1.Danh muc CPHC'!CJ172+'1.Danh muc CPHC'!CJ209 -> 0 | CK24: ='1.Danh muc CPHC'!CK61+'1.Danh muc CPHC'!CK98+'1.Danh muc CPHC'!CK135+'1.Danh muc CPHC'!CK172+'1.Danh muc CPHC'!CK209 -> 0 | CL24: =CL61+CL98+CL135+CL172+CL209 -> 0 | CM24: =CM61+CM98+CM135+CM172+CM209 -> 0 | CN24: =CN61+CN98+CN135+CN172+CN209 -> 0 | CO24: =CO61+CO98+CO135+CO172+CO209 -> 0 | CP24: =CP61+CP98+CP135+CP172+CP209 -> 0 | CQ24: =CQ61+CQ98+CQ135+CQ172+CQ209 -> 0 | CR24: =CR61+CR98+CR135+CR172+CR209 -> 0 | CS24: =CS61+CS98+CS135+CS172+CS209 -> 0 | ... CX24: =CX61+CX98+CX135+CX172+CX209 -> 0 | DQ24: 16 | DR24: CP04-08 | DS24: Chi phí hoạt động thư viện (sách, báo, …) | DT24: =DT61+DT98+DT135+DT172+DT209 -> 0 | DU24: =DU61+DU98+DU135+DU172+DU209 -> 0 | DV24: =DV61+DV98+DV135+DV172+DV209 -> 0 | DW24: =DW61+DW98+DW135+DW172+DW209 -> 0 | DX24: =DX61+DX98+DX135+DX172+DX209 -> 0 | DY24: =DY61+DY98+DY135+DY172+DY209 -> 0 | DZ24: =DZ61+DZ98+DZ135+DZ172+DZ209 -> 0 | EA24: =EA61+EA98+EA135+EA172+EA209 -> 0 | ... EP24: =EP61+EP98+EP135+EP172+EP209 -> 0 | FE24: 16 | FF24: CP04-08 | FG24: Chi phí hoạt động thư viện (sách, báo, …) | FH24: =FH61+FH98+FH135+FH172+FH209 -> 0 | FI24: =FI61+FI98+FI135+FI172+FI209 -> 0 | FJ24: =FJ61+FJ98+FJ135+FJ172+FJ209 -> 0 | FK24: =FK61+FK98+FK135+FK172+FK209 -> 0 | FL24: =FL61+FL98+FL135+FL172+FL209 -> 0 | FM24: =FM61+FM98+FM135+FM172+FM209 -> 0 | FN24: =FN61+FN98+FN135+FN172+FN209 -> 0 | FO24: =FO61+FO98+FO135+FO172+FO209 -> 0 | ... GQ24: =GQ61+GQ98+GQ135+GQ172+GQ209 -> 0 | GS24: 16 | GT24: CP04-08 | GU24: Chi phí hoạt động thư viện (sách, báo, …) | GV24: =GV61+GV98+GV135+GV172+GV209 -> 0 | GW24: =GW61+GW98+GW135+GW172+GW209 -> 0 | GX24: =GX61+GX98+GX135+GX172+GX209 -> 0 | GY24: =GY61+GY98+GY135+GY172+GY209 -> 0 | GZ24: =GZ61+GZ98+GZ135+GZ172+GZ209 -> 0 | HA24: =HA61+HA98+HA135+HA172+HA209 -> 0 | HB24: =HB61+HB98+HB135+HB172+HB209 -> 0 | HC24: =HC61+HC98+HC135+HC172+HC209 -> 0 | ... IE24: =IE61+IE98+IE135+IE172+IE209 -> 0
A25: III | C25: Chi phí công tác | D25: =SUM(D26:D28) -> 77.521803 | E25: =SUM(E26:E28) -> 391.46583 | F25: =SUM(F26:F28) -> 20.259131 | G25: =SUM(G26:G28) -> 20.706155 | H25: =SUM(H26:H28) -> 33.196174 | I25: =SUM(I26:I28) -> 74.16146 | J25: =SUM(J26:J28) -> 24.260092 | K25: =SUM(K26:K28) -> 16.167532 | ... AM25: =SUM(AM26:AM28) -> 3.134998 | AO25: III | AQ25: Chi phí công tác | AR25: =SUM(AR26:AR28) -> 40.087953 | AS25: =SUM(AS26:AS28) -> 142.35037 | AT25: =SUM(AT26:AT28) -> 11.135047 | AU25: =SUM(AU26:AU28) -> 9.5356179 | AV25: =SUM(AV26:AV28) -> 22.36128 | AW25: =SUM(AW26:AW28) -> 43.031945 | AX25: =SUM(AX26:AX28) -> 15.295703 | AY25: =SUM(AY26:AY28) -> 6.925779 | ... CA25: =SUM(CA26:CA28) -> 0 | CC25: III | CE25: Chi phí công tác | CF25: =SUM(CF26:CF28) -> 5.742536 | CG25: =SUM(CG26:CG28) -> 38.377541 | CH25: =SUM(CH26:CH28) -> 3.2513372 | CI25: =SUM(CI26:CI28) -> 2.2017422 | CJ25: =SUM(CJ26:CJ28) -> 5.3866382 | CK25: =SUM(CK26:CK28) -> 10.839718 | CL25: =SUM(CL26:CL28) -> 0 | CM25: =SUM(CM26:CM28) -> 0 | ... CX25: =SUM(CX26:CX28) -> 10.839718 | DQ25: III | DS25: Chi phí công tác | DT25: =SUM(DT26:DT28) -> 8.303976 | DU25: =SUM(DU26:DU28) -> 49.681804 | DV25: =SUM(DV26:DV28) -> 3.652038 | DW25: =SUM(DW26:DW28) -> 5.199917 | DX25: =SUM(DX26:DX28) -> 2.77264 | DY25: =SUM(DY26:DY28) -> 11.624595 | DZ25: =SUM(DZ26:DZ28) -> 1.668518 | EA25: =SUM(EA26:EA28) -> 1.80926 | ... EP25: =SUM(EP26:EP28) -> 0 | FE25: III | FG25: Chi phí công tác | FH25: =SUM(FH26:FH28) -> 5.392055 | FI25: =SUM(FI26:FI28) -> 21.440751 | FJ25: =SUM(FJ26:FJ28) -> 0.693522 | FK25: =SUM(FK26:FK28) -> 0.58704 | FL25: =SUM(FL26:FL28) -> 0.317594 | FM25: =SUM(FM26:FM28) -> 1.598156 | FN25: =SUM(FN26:FN28) -> 0.764676 | FO25: =SUM(FO26:FO28) -> 0.417455 | ... GQ25: =SUM(GQ26:GQ28) -> 0 | GS25: III | GU25: Chi phí công tác | GV25: =SUM(GV26:GV28) -> 17.995283 | GW25: =SUM(GW26:GW28) -> 139.61537 | GX25: =SUM(GX26:GX28) -> 1.527186 | GY25: =SUM(GY26:GY28) -> 3.181838 | GZ25: =SUM(GZ26:GZ28) -> 2.358022 | HA25: =SUM(HA26:HA28) -> 7.067046 | HB25: =SUM(HB26:HB28) -> 6.531195 | HC25: =SUM(HC26:HC28) -> 7.015038 | ... IE25: =SUM(IE26:IE28) -> 3.134998
A26: 17 | B26: CP08-02 | C26: Chi phí khách sạn | D26: =D63+D100+D137+D174+D211 -> 13.035777 | E26: =E63+E100+E137+E174+E211 -> 62.083517 | F26: =F63+F100+F137+F174+F211 -> 4.0839154 | G26: =G63+G100+G137+G174+G211 -> 2.4677785 | H26: =H63+H100+H137+H174+H211 -> 14.189818 | I26: =I63+I100+I137+I174+I211 -> 20.741511 | J26: =J63+J100+J137+J174+J211 -> 3.098148 | K26: =K63+K100+K137+K174+K211 -> 0.37037 | ... AM26: =AM63+AM100+AM137+AM174+AM211 -> 0 | AO26: 17 | AP26: CP08-02 | AQ26: Chi phí khách sạn | AR26: =AR63+AR100+AR137+AR174+AR211 -> 8.378348 | AS26: =AS63+AS100+AS137+AS174+AS211 -> 42.655015 | AT26: =AT63+AT100+AT137+AT174+AT211 -> 3.3669746 | AU26: =AU63+AU100+AU137+AU174+AU211 -> 1.7951855 | AV26: =AV63+AV100+AV137+AV174+AV211 -> 11.27315 | AW26: =AW63+AW100+AW137+AW174+AW211 -> 16.435311 | AX26: =AX63+AX100+AX137+AX174+AX211 -> 3.098148 | AY26: =AY63+AY100+AY137+AY174+AY211 -> 0 | ... CA26: =CA63+CA100+CA137+CA174+CA211 -> 0 | CC26: 17 | CD26: CP08-02 | CE26: Chi phí khách sạn | CF26: ='1.Danh muc CPHC'!CF63+'1.Danh muc CPHC'!CF100+'1.Danh muc CPHC'!CF137+'1.Danh muc CPHC'!CF174+'1.Danh muc CPHC'!CF211 -> 1.326689 | CG26: ='1.Danh muc CPHC'!CG63+'1.Danh muc CPHC'!CG100+'1.Danh muc CPHC'!CG137+'1.Danh muc CPHC'!CG174+'1.Danh muc CPHC'!CG211 -> 3.5240212 | CH26: ='1.Danh muc CPHC'!CH63+'1.Danh muc CPHC'!CH100+'1.Danh muc CPHC'!CH137+'1.Danh muc CPHC'!CH174+'1.Danh muc CPHC'!CH211 -> 0.71694084 | CI26: ='1.Danh muc CPHC'!CI63+'1.Danh muc CPHC'!CI100+'1.Danh muc CPHC'!CI137+'1.Danh muc CPHC'!CI174+'1.Danh muc CPHC'!CI211 -> 0.39481492 | CJ26: ='1.Danh muc CPHC'!CJ63+'1.Danh muc CPHC'!CJ100+'1.Danh muc CPHC'!CJ137+'1.Danh muc CPHC'!CJ174+'1.Danh muc CPHC'!CJ211 -> 2.9166672 | CK26: ='1.Danh muc CPHC'!CK63+'1.Danh muc CPHC'!CK100+'1.Danh muc CPHC'!CK137+'1.Danh muc CPHC'!CK174+'1.Danh muc CPHC'!CK211 -> 4.028423 | CL26: =CL63+CL100+CL137+CL174+CL211 -> 0 | CM26: =CM63+CM100+CM137+CM174+CM211 -> 0 | CN26: =CN63+CN100+CN137+CN174+CN211 -> 0 | CO26: =CO63+CO100+CO137+CO174+CO211 -> 0 | CP26: =CP63+CP100+CP137+CP174+CP211 -> 0 | CQ26: =CQ63+CQ100+CQ137+CQ174+CQ211 -> 0 | CR26: =CR63+CR100+CR137+CR174+CR211 -> 0 | CS26: =CS63+CS100+CS137+CS174+CS211 -> 0 | ... CX26: =CX63+CX100+CX137+CX174+CX211 -> 4.028423 | DQ26: 17 | DR26: CP08-02 | DS26: Chi phí khách sạn | DT26: =DT63+DT100+DT137+DT174+DT211 -> 0 | DU26: =DU63+DU100+DU137+DU174+DU211 -> 2.540741 | DV26: =DV63+DV100+DV137+DV174+DV211 -> 0 | DW26: =DW63+DW100+DW137+DW174+DW211 -> 0 | DX26: =DX63+DX100+DX137+DX174+DX211 -> 0 | DY26: =DY63+DY100+DY137+DY174+DY211 -> 0 | DZ26: =DZ63+DZ100+DZ137+DZ174+DZ211 -> 0 | EA26: =EA63+EA100+EA137+EA174+EA211 -> 0 | ... EP26: =EP63+EP100+EP137+EP174+EP211 -> 0 | FE26: 17 | FF26: CP08-02 | FG26: Chi phí khách sạn | FH26: =FH63+FH100+FH137+FH174+FH211 -> 1.296296 | FI26: =FI63+FI100+FI137+FI174+FI211 -> 3.116666 | FJ26: =FJ63+FJ100+FJ137+FJ174+FJ211 -> 0 | FK26: =FK63+FK100+FK137+FK174+FK211 -> 0 | FL26: =FL63+FL100+FL137+FL174+FL211 -> 0 | FM26: =FM63+FM100+FM137+FM174+FM211 -> 0 | FN26: =FN63+FN100+FN137+FN174+FN211 -> 0 | FO26: =FO63+FO100+FO137+FO174+FO211 -> 0 | ... GQ26: =GQ63+GQ100+GQ137+GQ174+GQ211 -> 0 | GS26: 17 | GT26: CP08-02 | GU26: Chi phí khách sạn | GV26: =GV63+GV100+GV137+GV174+GV211 -> 2.034444 | GW26: =GW63+GW100+GW137+GW174+GW211 -> 10.247074 | GX26: =GX63+GX100+GX137+GX174+GX211 -> 0 | GY26: =GY63+GY100+GY137+GY174+GY211 -> 0.277778 | GZ26: =GZ63+GZ100+GZ137+GZ174+GZ211 -> 0 | HA26: =HA63+HA100+HA137+HA174+HA211 -> 0.277778 | HB26: =HB63+HB100+HB137+HB174+HB211 -> 0 | HC26: =HC63+HC100+HC137+HC174+HC211 -> 0.37037 | ... IE26: =IE63+IE100+IE137+IE174+IE211 -> 0
A27: 18 | B27: CP08-03 | C27: Chi phí vé máy bay, tàu xe, vé cầu đường | D27: =D64+D101+D138+D175+D212 -> 40.019067 | E27: =E64+E101+E138+E175+E212 -> 137.6658 | F27: =F64+F101+F138+F175+F212 -> 8.5941945 | G27: =G64+G101+G138+G175+G212 -> 9.6991007 | H27: =H64+H101+H138+H175+H212 -> 12.496569 | I27: =I64+I101+I138+I175+I212 -> 30.789864 | J27: =J64+J101+J138+J175+J212 -> 10.621861 | K27: =K64+K101+K138+K175+K212 -> 8.260473 | ... AM27: =AM64+AM101+AM138+AM175+AM212 -> 2.484998 | AO27: 18 | AP27: CP08-03 | AQ27: Chi phí vé máy bay, tàu xe, vé cầu đường | AR27: =AR64+AR101+AR138+AR175+AR212 -> 21.303762 | AS27: =AS64+AS101+AS138+AS175+AS212 -> 55.991348 | AT27: =AT64+AT101+AT138+AT175+AT212 -> 4.1703031 | AU27: =AU64+AU101+AU138+AU175+AU212 -> 5.2197923 | AV27: =AV64+AV101+AV138+AV175+AV212 -> 8.1726314 | AW27: =AW64+AW101+AW138+AW175+AW212 -> 17.562727 | AX27: =AX64+AX101+AX138+AX175+AX212 -> 7.927555 | AY27: =AY64+AY101+AY138+AY175+AY212 -> 5.835779 | ... CA27: =CA64+CA101+CA138+CA175+CA212 -> 0 | CC27: 18 | CD27: CP08-03 | CE27: Chi phí vé máy bay, tàu xe, vé cầu đường | CF27: ='1.Danh muc CPHC'!CF64+'1.Danh muc CPHC'!CF101+'1.Danh muc CPHC'!CF138+'1.Danh muc CPHC'!CF175+'1.Danh muc CPHC'!CF212 -> 2.9792316 | CG27: ='1.Danh muc CPHC'!CG64+'1.Danh muc CPHC'!CG101+'1.Danh muc CPHC'!CG138+'1.Danh muc CPHC'!CG175+'1.Danh muc CPHC'!CG212 -> 30.453519 | CH27: ='1.Danh muc CPHC'!CH64+'1.Danh muc CPHC'!CH101+'1.Danh muc CPHC'!CH138+'1.Danh muc CPHC'!CH175+'1.Danh muc CPHC'!CH212 -> 1.6694424 | CI27: ='1.Danh muc CPHC'!CI64+'1.Danh muc CPHC'!CI101+'1.Danh muc CPHC'!CI138+'1.Danh muc CPHC'!CI175+'1.Danh muc CPHC'!CI212 -> 1.2330073 | CJ27: ='1.Danh muc CPHC'!CJ64+'1.Danh muc CPHC'!CJ101+'1.Danh muc CPHC'!CJ138+'1.Danh muc CPHC'!CJ175+'1.Danh muc CPHC'!CJ212 -> 1.8220826 | CK27: ='1.Danh muc CPHC'!CK64+'1.Danh muc CPHC'!CK101+'1.Danh muc CPHC'!CK138+'1.Danh muc CPHC'!CK175+'1.Danh muc CPHC'!CK212 -> 4.7245324 | CL27: =CL64+CL101+CL138+CL175+CL212 -> 0 | CM27: =CM64+CM101+CM138+CM175+CM212 -> 0 | CN27: =CN64+CN101+CN138+CN175+CN212 -> 0 | CO27: =CO64+CO101+CO138+CO175+CO212 -> 0 | CP27: =CP64+CP101+CP138+CP175+CP212 -> 0 | CQ27: =CQ64+CQ101+CQ138+CQ175+CQ212 -> 0 | CR27: =CR64+CR101+CR138+CR175+CR212 -> 0 | CS27: =CS64+CS101+CS138+CS175+CS212 -> 0 | ... CX27: =CX64+CX101+CX138+CX175+CX212 -> 4.7245324 | DQ27: 18 | DR27: CP08-03 | DS27: Chi phí vé máy bay, tàu xe, vé cầu đường | DT27: =DT64+DT101+DT138+DT175+DT212 -> 6.303976 | DU27: =DU64+DU101+DU138+DU175+DU212 -> 22.926063 | DV27: =DV64+DV101+DV138+DV175+DV212 -> 1.615741 | DW27: =DW64+DW101+DW138+DW175+DW212 -> 2.286111 | DX27: =DX64+DX101+DX138+DX175+DX212 -> 1.791667 | DY27: =DY64+DY101+DY138+DY175+DY212 -> 5.693519 | DZ27: =DZ64+DZ101+DZ138+DZ175+DZ212 -> 1.668518 | EA27: =EA64+EA101+EA138+EA175+EA212 -> 1.80926 | ... EP27: =EP64+EP101+EP138+EP175+EP212 -> 0 | FE27: 18 | FF27: CP08-03 | FG27: Chi phí vé máy bay, tàu xe, vé cầu đường | FH27: =FH64+FH101+FH138+FH175+FH212 -> 4.095759 | FI27: =FI64+FI101+FI138+FI175+FI212 -> 14.941085 | FJ27: =FJ64+FJ101+FJ138+FJ175+FJ212 -> 0.693522 | FK27: =FK64+FK101+FK138+FK175+FK212 -> 0.58704 | FL27: =FL64+FL101+FL138+FL175+FL212 -> 0.317594 | FM27: =FM64+FM101+FM138+FM175+FM212 -> 1.598156 | FN27: =FN64+FN101+FN138+FN175+FN212 -> 0.764676 | FO27: =FO64+FO101+FO138+FO175+FO212 -> 0.417455 | ... GQ27: =GQ64+GQ101+GQ138+GQ175+GQ212 -> 0 | GS27: 18 | GT27: CP08-03 | GU27: Chi phí vé máy bay, tàu xe, vé cầu đường | GV27: =GV64+GV101+GV138+GV175+GV212 -> 5.3363388 | GW27: =GW64+GW101+GW138+GW175+GW212 -> 13.353787 | GX27: =GX64+GX101+GX138+GX175+GX212 -> 0.445186 | GY27: =GY64+GY101+GY138+GY175+GY212 -> 0.37315 | GZ27: =GZ64+GZ101+GZ138+GZ175+GZ212 -> 0.392594 | HA27: =HA64+HA101+HA138+HA175+HA212 -> 1.21093 | HB27: =HB64+HB101+HB138+HB175+HB212 -> 0.261112 | HC27: =HC64+HC101+HC138+HC175+HC212 -> 0.197979 | ... IE27: =IE64+IE101+IE138+IE175+IE212 -> 2.484998
A28: 19 | B28: CP08-04 | C28: Phụ cấp công tác phí | D28: =D65+D102+D139+D176+D213 -> 24.466959 | E28: =E65+E102+E139+E176+E213 -> 191.71651 | F28: =F65+F102+F139+F176+F213 -> 7.5810208 | G28: =G65+G102+G139+G176+G213 -> 8.539276 | H28: =H65+H102+H139+H176+H213 -> 6.5097872 | I28: =I65+I102+I139+I176+I213 -> 22.630084 | J28: =J65+J102+J139+J176+J213 -> 10.540083 | K28: =K65+K102+K139+K176+K213 -> 7.536689 | ... AM28: =AM65+AM102+AM139+AM176+AM213 -> 0.65 | AO28: 19 | AP28: CP08-04 | AQ28: Phụ cấp công tác phí | AR28: =AR65+AR102+AR139+AR176+AR213 -> 10.405844 | AS28: =AS65+AS102+AS139+AS176+AS213 -> 43.704004 | AT28: =AT65+AT102+AT139+AT176+AT213 -> 3.5977698 | AU28: =AU65+AU102+AU139+AU176+AU213 -> 2.52064 | AV28: =AV65+AV102+AV139+AV176+AV213 -> 2.9154978 | AW28: =AW65+AW102+AW139+AW176+AW213 -> 9.0339076 | AX28: =AX65+AX102+AX139+AX176+AX213 -> 4.27 | AY28: =AY65+AY102+AY139+AY176+AY213 -> 1.09 | ... CA28: =CA65+CA102+CA139+CA176+CA213 -> 0 | CC28: 19 | CD28: CP08-04 | CE28: Phụ cấp công tác phí | CF28: ='1.Danh muc CPHC'!CF65+'1.Danh muc CPHC'!CF102+'1.Danh muc CPHC'!CF139+'1.Danh muc CPHC'!CF176+'1.Danh muc CPHC'!CF213 -> 1.4366155 | CG28: ='1.Danh muc CPHC'!CG65+'1.Danh muc CPHC'!CG102+'1.Danh muc CPHC'!CG139+'1.Danh muc CPHC'!CG176+'1.Danh muc CPHC'!CG213 -> 4.4 | CH28: ='1.Danh muc CPHC'!CH65+'1.Danh muc CPHC'!CH102+'1.Danh muc CPHC'!CH139+'1.Danh muc CPHC'!CH176+'1.Danh muc CPHC'!CH213 -> 0.86495396 | CI28: ='1.Danh muc CPHC'!CI65+'1.Danh muc CPHC'!CI102+'1.Danh muc CPHC'!CI139+'1.Danh muc CPHC'!CI176+'1.Danh muc CPHC'!CI213 -> 0.57392 | CJ28: ='1.Danh muc CPHC'!CJ65+'1.Danh muc CPHC'!CJ102+'1.Danh muc CPHC'!CJ139+'1.Danh muc CPHC'!CJ176+'1.Danh muc CPHC'!CJ213 -> 0.6478884 | CK28: ='1.Danh muc CPHC'!CK65+'1.Danh muc CPHC'!CK102+'1.Danh muc CPHC'!CK139+'1.Danh muc CPHC'!CK176+'1.Danh muc CPHC'!CK213 -> 2.0867624 | CL28: =CL65+CL102+CL139+CL176+CL213 -> 0 | CM28: =CM65+CM102+CM139+CM176+CM213 -> 0 | CN28: =CN65+CN102+CN139+CN176+CN213 -> 0 | CO28: =CO65+CO102+CO139+CO176+CO213 -> 0 | CP28: =CP65+CP102+CP139+CP176+CP213 -> 0 | CQ28: =CQ65+CQ102+CQ139+CQ176+CQ213 -> 0 | CR28: =CR65+CR102+CR139+CR176+CR213 -> 0 | CS28: =CS65+CS102+CS139+CS176+CS213 -> 0 | ... CX28: =CX65+CX102+CX139+CX176+CX213 -> 2.0867624 | DQ28: 19 | DR28: CP08-04 | DS28: Phụ cấp công tác phí | DT28: =DT65+DT102+DT139+DT176+DT213 -> 2 | DU28: =DU65+DU102+DU139+DU176+DU213 -> 24.215 | DV28: =DV65+DV102+DV139+DV176+DV213 -> 2.036297 | DW28: =DW65+DW102+DW139+DW176+DW213 -> 2.913806 | DX28: =DX65+DX102+DX139+DX176+DX213 -> 0.980973 | DY28: =DY65+DY102+DY139+DY176+DY213 -> 5.931076 | DZ28: =DZ65+DZ102+DZ139+DZ176+DZ213 -> 0 | EA28: =EA65+EA102+EA139+EA176+EA213 -> 0 | ... EP28: =EP65+EP102+EP139+EP176+EP213 -> 0 | FE28: 19 | FF28: CP08-04 | FG28: Phụ cấp công tác phí | FH28: =FH65+FH102+FH139+FH176+FH213 -> 0 | FI28: =FI65+FI102+FI139+FI176+FI213 -> 3.383 | FJ28: =FJ65+FJ102+FJ139+FJ176+FJ213 -> 0 | FK28: =FK65+FK102+FK139+FK176+FK213 -> 0 | FL28: =FL65+FL102+FL139+FL176+FL213 -> 0 | FM28: =FM65+FM102+FM139+FM176+FM213 -> 0 | FN28: =FN65+FN102+FN139+FN176+FN213 -> 0 | FO28: =FO65+FO102+FO139+FO176+FO213 -> 0 | ... GQ28: =GQ65+GQ102+GQ139+GQ176+GQ213 -> 0 | GS28: 19 | GT28: CP08-04 | GU28: Phụ cấp công tác phí | GV28: =GV65+GV102+GV139+GV176+GV213 -> 10.6245 | GW28: =GW65+GW102+GW139+GW176+GW213 -> 116.01451 | GX28: =GX65+GX102+GX139+GX176+GX213 -> 1.082 | GY28: =GY65+GY102+GY139+GY176+GY213 -> 2.53091 | GZ28: =GZ65+GZ102+GZ139+GZ176+GZ213 -> 1.965428 | HA28: =HA65+HA102+HA139+HA176+HA213 -> 5.578338 | HB28: =HB65+HB102+HB139+HB176+HB213 -> 6.270083 | HC28: =HC65+HC102+HC139+HC176+HC213 -> 6.446689 | ... HG28: =HG65+HG102+HG139+HG176+HG213 -> 0.7847256 | HH28: =HH65+HH102+HH139+HJ175+HH213 -> 0.0462888 | HI28: =HI65+HI102+HI139+HI176+HI213 -> 2.4004656 | HJ28: =HJ65+HJ102+HJ139+HJ176+HJ213 -> 0.8782472 | HK28: =HK65+HK102+HK139+HK176+HK213 -> 3.6920278 | HL28: =HL65+HL102+HL139+HL176+HL213 -> 2.781231 | HM28: =HM65+HM102+HM139+HM176+HM213 -> 7.351506 | HN28: =HN65+HN102+HN139+HN176+HN213 -> 33.000936 | HO28: =HO65+HO102+HO139+HO176+HO213 -> 0.65 | HP28: =HP65+HP102+HP139+HP176+HP213 -> 0 | ... IE28: =IE65+IE102+IE139+IE176+IE213 -> 0.65
A29: IV | C29: Hội họp và giao tế | D29: =SUM(D30:D34) -> 171.69104 | E29: =SUM(E30:E34) -> 705.6148 | F29: =SUM(F30:F34) -> 124.54598 | G29: =SUM(G30:G34) -> 47.364849 | H29: =SUM(H30:H34) -> 87.338501 | I29: =SUM(I30:I34) -> 259.24933 | J29: =SUM(J30:J34) -> 47.608283 | K29: =SUM(K30:K34) -> 49.493845 | ... AM29: =SUM(AM30:AM34) -> 18.814818 | AO29: IV | AQ29: Hội họp và giao tế | AR29: =SUM(AR30:AR34) -> 73.30594 | AS29: =SUM(AS30:AS34) -> 315.88937 | AT29: =SUM(AT30:AT34) -> 37.933716 | AU29: =SUM(AU30:AU34) -> 21.941009 | AV29: =SUM(AV30:AV34) -> 44.780307 | AW29: =SUM(AW30:AW34) -> 104.65503 | AX29: =SUM(AX30:AX34) -> 26.444553 | AY29: =SUM(AY30:AY34) -> 27.510877 | ... CA29: =SUM(CA30:CA34) -> 0 | CC29: IV | CE29: Hội họp và giao tế | CF29: =SUM(CF30:CF34) -> 8.9633094 | CG29: =SUM(CG30:CG34) -> 53.962206 | CH29: =SUM(CH30:CH34) -> 6.7932533 | CI29: =SUM(CI30:CI34) -> 6.3194015 | CJ29: =SUM(CJ30:CJ34) -> 9.7173376 | CK29: =SUM(CK30:CK34) -> 22.829992 | CL29: =SUM(CL30:CL34) -> 0 | CM29: =SUM(CM30:CM34) -> 0 | ... CX29: =SUM(CX30:CX34) -> 22.829992 | DQ29: IV | DS29: Hội họp và giao tế | DT29: =SUM(DT30:DT34) -> 24.514632 | DU29: =SUM(DU30:DU34) -> 102.05469 | DV29: =SUM(DV30:DV34) -> 32.833754 | DW29: =SUM(DW30:DW34) -> 6.165233 | DX29: =SUM(DX30:DX34) -> 10.051103 | DY29: =SUM(DY30:DY34) -> 49.05009 | DZ29: =SUM(DZ30:DZ34) -> 6.785744 | EA29: =SUM(EA30:EA34) -> 3.954151 | ... EP29: =SUM(EP30:EP34) -> 0 | FE29: IV | FG29: Hội họp và giao tế | FH29: =SUM(FH30:FH34) -> 36.670162 | FI29: =SUM(FI30:FI34) -> 116.1509 | FJ29: =SUM(FJ30:FJ34) -> 28.226487 | FK29: =SUM(FK30:FK34) -> 7.278581 | FL29: =SUM(FL30:FL34) -> 10.960904 | FM29: =SUM(FM30:FM34) -> 46.465972 | FN29: =SUM(FN30:FN34) -> 7.173281 | FO29: =SUM(FO30:FO34) -> 8.957139 | ... GQ29: =SUM(GQ30:GQ34) -> 0 | GS29: IV | GU29: Hội họp và giao tế | GV29: =SUM(GV30:GV34) -> 28.237 | GW29: =SUM(GW30:GW34) -> 117.55763 | GX29: =SUM(GX30:GX34) -> 18.758767 | GY29: =SUM(GY30:GY34) -> 5.660624 | GZ29: =SUM(GZ30:GZ34) -> 11.828849 | HA29: =SUM(HA30:HA34) -> 36.24824 | HB29: =SUM(HB30:HB34) -> 7.204705 | HC29: =SUM(HC30:HC34) -> 9.071678 | ... IE29: =SUM(IE30:IE34) -> 18.814818
A30: 20 | B30: CP04-06 | C30: Chi phí họp nội bộ | D30: =D67+D104+D141+D178+D215 -> 6.301745 | E30: =E67+E104+E141+E178+E215 -> 21.228013 | F30: =F67+F104+F141+F178+F215 -> 15.188635 | G30: =G67+G104+G141+G178+G215 -> 7.6202939 | H30: =H67+H104+H141+H178+H215 -> 18.392562 | I30: =I67+I104+I141+I178+I215 -> 41.201491 | J30: =J67+J104+J141+J178+J215 -> 4.868948 | K30: =K67+K104+K141+K178+K215 -> 11.280636 | ... AM30: =AM67+AM104+AM141+AM178+AM215 -> 1.371306 | AO30: 20 | AP30: CP04-06 | AQ30: Chi phí họp nội bộ | AR30: =AR67+AR104+AR141+AR178+AR215 -> 0 | AS30: =AS67+AS104+AS141+AS178+AS215 -> 0 | AT30: =AT67+AT104+AT141+AT178+AT215 -> 7.5156534 | AU30: =AU67+AU104+AU141+AU178+AU215 -> 3.8827241 | AV30: =AV67+AV104+AV141+AV178+AV215 -> 11.887221 | AW30: =AW67+AW104+AW141+AW178+AW215 -> 23.285598 | AX30: =AX67+AX104+AX141+AX178+AX215 -> 2.206667 | AY30: =AY67+AY104+AY141+AY178+AY215 -> 9.060022 | ... CA30: =CA67+CA104+CA141+CA178+CA215 -> 0 | CC30: 20 | CD30: CP04-06 | CE30: Chi phí họp nội bộ | CF30: ='1.Danh muc CPHC'!CF67+'1.Danh muc CPHC'!CF104+'1.Danh muc CPHC'!CF141+'1.Danh muc CPHC'!CF178+'1.Danh muc CPHC'!CF215 -> 0 | CG30: ='1.Danh muc CPHC'!CG67+'1.Danh muc CPHC'!CG104+'1.Danh muc CPHC'!CG141+'1.Danh muc CPHC'!CG178+'1.Danh muc CPHC'!CG215 -> 0.11315785 | CH30: ='1.Danh muc CPHC'!CH67+'1.Danh muc CPHC'!CH104+'1.Danh muc CPHC'!CH141+'1.Danh muc CPHC'!CH178+'1.Danh muc CPHC'!CH215 -> 1.6701452 | CI30: ='1.Danh muc CPHC'!CI67+'1.Danh muc CPHC'!CI104+'1.Danh muc CPHC'!CI141+'1.Danh muc CPHC'!CI178+'1.Danh muc CPHC'!CI215 -> 0.95862172 | CJ30: ='1.Danh muc CPHC'!CJ67+'1.Danh muc CPHC'!CJ104+'1.Danh muc CPHC'!CJ141+'1.Danh muc CPHC'!CJ178+'1.Danh muc CPHC'!CJ215 -> 2.6416046 | CK30: ='1.Danh muc CPHC'!CK67+'1.Danh muc CPHC'!CK104+'1.Danh muc CPHC'!CK141+'1.Danh muc CPHC'!CK178+'1.Danh muc CPHC'!CK215 -> 5.2703715 | CL30: =CL67+CL104+CL141+CL178+CL215 -> 0 | CM30: =CM67+CM104+CM141+CM178+CM215 -> 0 | CN30: =CN67+CN104+CN141+CN178+CN215 -> 0 | CO30: =CO67+CO104+CO141+CO178+CO215 -> 0 | CP30: =CP67+CP104+CP141+CP178+CP215 -> 0 | CQ30: =CQ67+CQ104+CQ141+CQ178+CQ215 -> 0 | CR30: =CR67+CR104+CR141+CR178+CR215 -> 0 | CS30: =CS67+CS104+CS141+CS178+CS215 -> 0 | ... CX30: =CX67+CX104+CX141+CX178+CX215 -> 5.2703715 | DQ30: 20 | DR30: CP04-06 | DS30: Chi phí họp nội bộ | DT30: =DT67+DT104+DT141+DT178+DT215 -> 0 | DU30: =DU67+DU104+DU141+DU178+DU215 -> 0 | DV30: =DV67+DV104+DV141+DV178+DV215 -> 0 | DW30: =DW67+DW104+DW141+DW178+DW215 -> 0 | DX30: =DX67+DX104+DX141+DX178+DX215 -> 0 | DY30: =DY67+DY104+DY141+DY178+DY215 -> 0 | DZ30: =DZ67+DZ104+DZ141+DZ178+DZ215 -> 0 | EA30: =EA67+EA104+EA141+EA178+EA215 -> 0 | ... EP30: =EP67+EP104+EP141+EP178+EP215 -> 0 | FE30: 20 | FF30: CP04-06 | FG30: Chi phí họp nội bộ | FH30: =FH67+FH104+FH141+FH178+FH215 -> 6.001745 | FI30: =FI67+FI104+FI141+FI178+FI215 -> 17.606491 | FJ30: =FJ67+FJ104+FJ141+FJ178+FJ215 -> 1.388194 | FK30: =FK67+FK104+FK141+FK178+FK215 -> 1.372639 | FL30: =FL67+FL104+FL141+FL178+FL215 -> 1.349305 | FM30: =FM67+FM104+FM141+FM178+FM215 -> 4.110138 | FN30: =FN67+FN104+FN141+FN178+FN215 -> 1.255972 | FO30: =FO67+FO104+FO141+FO178+FO215 -> 0.814305 | ... GQ30: =GQ67+GQ104+GQ141+GQ178+GQ215 -> 0 | GS30: 20 | GT30: CP04-06 | GU30: Chi phí họp nội bộ | GV30: =GV67+GV104+GV141+GV178+GV215 -> 0.3 | GW30: =GW67+GW104+GW141+GW178+GW215 -> 3.508364 | GX30: =GX67+GX104+GX141+GX178+GX215 -> 4.614642 | GY30: =GY67+GY104+GY141+GY178+GY215 -> 1.406309 | GZ30: =GZ67+GZ104+GZ141+GZ178+GZ215 -> 2.514432 | HA30: =HA67+HA104+HA141+HA178+HA215 -> 8.535383 | HB30: =HB67+HB104+HB141+HB178+HB215 -> 1.406309 | HC30: =HC67+HC104+HC141+HC178+HC215 -> 1.406309 | ... IE30: =IE67+IE104+IE141+IE178+IE215 -> 1.371306
A31: 21 | B31: CP04-11 | C31: Chi phí hội nghị sơ kết, tổng kết | D31: =D68+D105+D142+D179+D216 -> 1.84842 | E31: =E68+E105+E142+E179+E216 -> 57.456039 | F31: =F68+F105+F142+F179+F216 -> 0 | G31: =G68+G105+G142+G179+G216 -> 0 | H31: =H68+H105+H142+H179+H216 -> 0 | I31: =I68+I105+I142+I179+I216 -> 0 | J31: =J68+J105+J142+J179+J216 -> 0 | K31: =K68+K105+K142+K179+K216 -> 0 | ... AM31: =AM68+AM105+AM142+AM179+AM216 -> 0 | AO31: 21 | AP31: CP04-11 | AQ31: Chi phí hội nghị sơ kết, tổng kết | AR31: =AR68+AR105+AR142+AR179+AR216 -> 1.84842 | AS31: =AS68+AS105+AS142+AS179+AS216 -> 29.909737 | AT31: =AT68+AT105+AT142+AT179+AT216 -> 0 | AU31: =AU68+AU105+AU142+AU179+AU216 -> 0 | AV31: =AV68+AV105+AV142+AV179+AV216 -> 0 | AW31: =AW68+AW105+AW142+AW179+AW216 -> 0 | AX31: =AX68+AX105+AX142+AX179+AX216 -> 0 | AY31: =AY68+AY105+AY142+AY179+AY216 -> 0 | ... CA31: =CA68+CA105+CA142+CA179+CA216 -> 0 | CC31: 21 | CD31: CP04-11 | CE31: Chi phí hội nghị sơ kết, tổng kết | CF31: ='1.Danh muc CPHC'!CF68+'1.Danh muc CPHC'!CF105+'1.Danh muc CPHC'!CF142+'1.Danh muc CPHC'!CF179+'1.Danh muc CPHC'!CF216 -> 0 | CG31: ='1.Danh muc CPHC'!CG68+'1.Danh muc CPHC'!CG105+'1.Danh muc CPHC'!CG142+'1.Danh muc CPHC'!CG179+'1.Danh muc CPHC'!CG216 -> 11.70562 | CH31: ='1.Danh muc CPHC'!CH68+'1.Danh muc CPHC'!CH105+'1.Danh muc CPHC'!CH142+'1.Danh muc CPHC'!CH179+'1.Danh muc CPHC'!CH216 -> 0 | CI31: ='1.Danh muc CPHC'!CI68+'1.Danh muc CPHC'!CI105+'1.Danh muc CPHC'!CI142+'1.Danh muc CPHC'!CI179+'1.Danh muc CPHC'!CI216 -> 0 | CJ31: ='1.Danh muc CPHC'!CJ68+'1.Danh muc CPHC'!CJ105+'1.Danh muc CPHC'!CJ142+'1.Danh muc CPHC'!CJ179+'1.Danh muc CPHC'!CJ216 -> 0 | CK31: ='1.Danh muc CPHC'!CK68+'1.Danh muc CPHC'!CK105+'1.Danh muc CPHC'!CK142+'1.Danh muc CPHC'!CK179+'1.Danh muc CPHC'!CK216 -> 0 | CL31: =CL68+CL105+CL142+CL179+CL216 -> 0 | CM31: =CM68+CM105+CM142+CM179+CM216 -> 0 | CN31: =CN68+CN105+CN142+CN179+CN216 -> 0 | CO31: =CO68+CO105+CO142+CO179+CO216 -> 0 | CP31: =CP68+CP105+CP142+CP179+CP216 -> 0 | CQ31: =CQ68+CQ105+CQ142+CQ179+CQ216 -> 0 | CR31: =CR68+CR105+CR142+CR179+CR216 -> 0 | CS31: =CS68+CS105+CS142+CS179+CS216 -> 0 | ... CX31: =CX68+CX105+CX142+CX179+CX216 -> 0 | DQ31: 21 | DR31: CP04-11 | DS31: Chi phí hội nghị sơ kết, tổng kết | DT31: =DT68+DT105+DT142+DT179+DT216 -> 0 | DU31: =DU68+DU105+DU142+DU179+DU216 -> 0 | DV31: =DV68+DV105+DV142+DV179+DV216 -> 0 | DW31: =DW68+DW105+DW142+DW179+DW216 -> 0 | DX31: =DX68+DX105+DX142+DX179+DX216 -> 0 | DY31: =DY68+DY105+DY142+DY179+DY216 -> 0 | DZ31: =DZ68+DZ105+DZ142+DZ179+DZ216 -> 0 | EA31: =EA68+EA105+EA142+EA179+EA216 -> 0 | ... EP31: =EP68+EP105+EP142+EP179+EP216 -> 0 | FE31: 21 | FF31: CP04-11 | FG31: Chi phí hội nghị sơ kết, tổng kết | FH31: =FH68+FH105+FH142+FH179+FH216 -> 0 | FI31: =FI68+FI105+FI142+FI179+FI216 -> 15.840682 | FJ31: =FJ68+FJ105+FJ142+FJ179+FJ216 -> 0 | FK31: =FK68+FK105+FK142+FK179+FK216 -> 0 | FL31: =FL68+FL105+FL142+FL179+FL216 -> 0 | FM31: =FM68+FM105+FM142+FM179+FM216 -> 0 | FN31: =FN68+FN105+FN142+FN179+FN216 -> 0 | FO31: =FO68+FO105+FO142+FO179+FO216 -> 0 | ... GQ31: =GQ68+GQ105+GQ142+GQ179+GQ216 -> 0 | GS31: 21 | GT31: CP04-11 | GU31: Chi phí hội nghị sơ kết, tổng kết | GV31: =GV68+GV105+GV142+GV179+GV216 -> 0 | GW31: =GW68+GW105+GW142+GW179+GW216 -> 0 | GX31: =GX68+GX105+GX142+GX179+GX216 -> 0 | GY31: =GY68+GY105+GY142+GY179+GY216 -> 0 | GZ31: =GZ68+GZ105+GZ142+GZ179+GZ216 -> 0 | HA31: =HA68+HA105+HA142+HA179+HA216 -> 0 | HB31: =HB68+HB105+HB142+HB179+HB216 -> 0 | HC31: =HC68+HC105+HC142+HC179+HC216 -> 0 | ... IE31: =IE68+IE105+IE142+IE179+IE216 -> 0
A32: 22 | B32: CP08-01 | C32: Tiếp khách mua xe/ bảo hiểm/ CQBN | D32: =D69+D106+D143+D180+D217 -> 58.421718 | E32: =E69+E106+E143+E180+E217 -> 206.43977 | F32: =F69+F106+F143+F180+F217 -> 22.859167 | G32: =G69+G106+G143+G180+G217 -> 17.705477 | H32: =H69+H106+H143+H180+H217 -> 34.127326 | I32: =I69+I106+I143+I180+I217 -> 74.69197 | J32: =J69+J106+J143+J180+J217 -> 22.080131 | K32: =K69+K106+K143+K180+K217 -> 14.676229 | ... AM32: =AM69+AM106+AM143+AM180+AM217 -> 7.577123 | AO32: 22 | AP32: CP08-01 | AQ32: Tiếp khách mua xe/ bảo hiểm/ CQBN | AR32: =AR69+AR106+AR143+AR180+AR217 -> 19.336667 | AS32: =AS69+AS106+AS143+AS180+AS217 -> 70.93418 | AT32: =AT69+AT106+AT143+AT180+AT217 -> 7.880063 | AU32: =AU69+AU106+AU143+AU180+AU217 -> 10.261285 | AV32: =AV69+AV106+AV143+AV180+AV217 -> 21.909711 | AW32: =AW69+AW106+AW143+AW180+AW217 -> 40.051059 | AX32: =AX69+AX106+AX143+AX180+AX217 -> 14.637313 | AY32: =AY69+AY106+AY143+AY180+AY217 -> 8.853277 | ... CA32: =CA69+CA106+CA143+CA180+CA217 -> 0 | CC32: 22 | CD32: CP08-01 | CE32: Tiếp khách mua xe/ bảo hiểm/ CQBN | CF32: ='1.Danh muc CPHC'!CF69+'1.Danh muc CPHC'!CF106+'1.Danh muc CPHC'!CF143+'1.Danh muc CPHC'!CF180+'1.Danh muc CPHC'!CF217 -> 5.4568534 | CG32: ='1.Danh muc CPHC'!CG69+'1.Danh muc CPHC'!CG106+'1.Danh muc CPHC'!CG143+'1.Danh muc CPHC'!CG180+'1.Danh muc CPHC'!CG217 -> 13.828158 | CH32: ='1.Danh muc CPHC'!CH69+'1.Danh muc CPHC'!CH106+'1.Danh muc CPHC'!CH143+'1.Danh muc CPHC'!CH180+'1.Danh muc CPHC'!CH217 -> 2.1491081 | CI32: ='1.Danh muc CPHC'!CI69+'1.Danh muc CPHC'!CI106+'1.Danh muc CPHC'!CI143+'1.Danh muc CPHC'!CI180+'1.Danh muc CPHC'!CI217 -> 2.6107798 | CJ32: ='1.Danh muc CPHC'!CJ69+'1.Danh muc CPHC'!CJ106+'1.Danh muc CPHC'!CJ143+'1.Danh muc CPHC'!CJ180+'1.Danh muc CPHC'!CJ217 -> 5.262085 | CK32: ='1.Danh muc CPHC'!CK69+'1.Danh muc CPHC'!CK106+'1.Danh muc CPHC'!CK143+'1.Danh muc CPHC'!CK180+'1.Danh muc CPHC'!CK217 -> 10.021973 | CL32: =CL69+CL106+CL143+CL180+CL217 -> 0 | CM32: =CM69+CM106+CM143+CM180+CM217 -> 0 | CN32: =CN69+CN106+CN143+CN180+CN217 -> 0 | CO32: =CO69+CO106+CO143+CO180+CO217 -> 0 | CP32: =CP69+CP106+CP143+CP180+CP217 -> 0 | CQ32: =CQ69+CQ106+CQ143+CQ180+CQ217 -> 0 | CR32: =CR69+CR106+CR143+CR180+CR217 -> 0 | CS32: =CS69+CS106+CS143+CS180+CS217 -> 0 | ... CX32: =CX69+CX106+CX143+CX180+CX217 -> 10.021973 | DQ32: 22 | DR32: CP08-01 | DS32: Tiếp khách mua xe/ bảo hiểm/ CQBN | DT32: =DT69+DT106+DT143+DT180+DT217 -> 2.9 | DU32: =DU69+DU106+DU143+DU180+DU217 -> 2.944444 | DV32: =DV69+DV106+DV143+DV180+DV217 -> 0 | DW32: =DW69+DW106+DW143+DW180+DW217 -> 0 | DX32: =DX69+DX106+DX143+DX180+DX217 -> 0 | DY32: =DY69+DY106+DY143+DY180+DY217 -> 0 | DZ32: =DZ69+DZ106+DZ143+DZ180+DZ217 -> 0 | EA32: =EA69+EA106+EA143+EA180+EA217 -> 0 | ... EP32: =EP69+EP106+EP143+EP180+EP217 -> 0 | FE32: 22 | FF32: CP08-01 | FG32: Tiếp khách mua xe/ bảo hiểm/ CQBN | FH32: =FH69+FH106+FH143+FH180+FH217 -> 14.891197 | FI32: =FI69+FI106+FI143+FI180+FI217 -> 35.34049 | FJ32: =FJ69+FJ106+FJ143+FJ180+FJ217 -> 8.604208 | FK32: =FK69+FK106+FK143+FK180+FK217 -> 3.400474 | FL32: =FL69+FL106+FL143+FL180+FL217 -> 2.500904 | FM32: =FM69+FM106+FM143+FM180+FM217 -> 14.505586 | FN32: =FN69+FN106+FN143+FN180+FN217 -> 4.014766 | FO32: =FO69+FO106+FO143+FO180+FO217 -> 4.007808 | ... GQ32: =GQ69+GQ106+GQ143+GQ180+GQ217 -> 0 | GS32: 22 | GT32: CP08-01 | GU32: Tiếp khách mua xe/ bảo hiểm/ CQBN | GV32: =GV69+GV106+GV143+GV180+GV217 -> 15.837 | GW32: =GW69+GW106+GW143+GW180+GW217 -> 83.3925 | GX32: =GX69+GX106+GX143+GX180+GX217 -> 4.225788 | GY32: =GY69+GY106+GY143+GY180+GY217 -> 1.432938 | GZ32: =GZ69+GZ106+GZ143+GZ180+GZ217 -> 4.454627 | HA32: =HA69+HA106+HA143+HA180+HA217 -> 10.113353 | HB32: =HB69+HB106+HB143+HB180+HB217 -> 3.428052 | HC32: =HC69+HC106+HC143+HC180+HC217 -> 1.815144 | ... IE32: =IE69+IE106+IE143+IE180+IE217 -> 7.577123
A33: 23 | B33: CP08-06 | C33: Tiếp khách phòng chờ | D33: =D70+D107+D144+D181+D218 -> 79.945445 | E33: =E70+E107+E144+E181+E218 -> 257.45103 | F33: =F70+F107+F144+F181+F218 -> 22.446055 | G33: =G70+G107+G144+G181+G218 -> 19.542078 | H33: =H70+H107+H144+H181+H218 -> 16.045588 | I33: =I70+I107+I144+I181+I218 -> 58.033721 | J33: =J70+J107+J144+J181+J218 -> 17.463604 | K33: =K70+K107+K144+K181+K218 -> 21.53698 | ... AM33: =AM70+AM107+AM144+AM181+AM218 -> 8.866389 | AO33: 23 | AP33: CP08-06 | AQ33: Tiếp khách phòng chờ | AR33: =AR70+AR107+AR144+AR181+AR218 -> 31.920137 | AS33: =AS70+AS107+AS144+AS181+AS218 -> 83.774502 | AT33: =AT70+AT107+AT144+AT181+AT218 -> 7.738 | AU33: =AU70+AU107+AU144+AU181+AU218 -> 7.797 | AV33: =AV70+AV107+AV144+AV181+AV218 -> 4 | AW33: =AW70+AW107+AW144+AW181+AW218 -> 19.535 | AX33: =AX70+AX107+AX144+AX181+AX218 -> 6.404973 | AY33: =AY70+AY107+AY144+AY181+AY218 -> 9.597578 | ... CA33: =CA70+CA107+CA144+CA181+CA218 -> 0 | CC33: 23 | CD33: CP08-06 | CE33: Tiếp khách phòng chờ | CF33: ='1.Danh muc CPHC'!CF70+'1.Danh muc CPHC'!CF107+'1.Danh muc CPHC'!CF144+'1.Danh muc CPHC'!CF181+'1.Danh muc CPHC'!CF218 -> 3.506456 | CG33: ='1.Danh muc CPHC'!CG70+'1.Danh muc CPHC'!CG107+'1.Danh muc CPHC'!CG144+'1.Danh muc CPHC'!CG181+'1.Danh muc CPHC'!CG218 -> 8.494581 | CH33: ='1.Danh muc CPHC'!CH70+'1.Danh muc CPHC'!CH107+'1.Danh muc CPHC'!CH144+'1.Danh muc CPHC'!CH181+'1.Danh muc CPHC'!CH218 -> 1.974 | CI33: ='1.Danh muc CPHC'!CI70+'1.Danh muc CPHC'!CI107+'1.Danh muc CPHC'!CI144+'1.Danh muc CPHC'!CI181+'1.Danh muc CPHC'!CI218 -> 2.75 | CJ33: ='1.Danh muc CPHC'!CJ70+'1.Danh muc CPHC'!CJ107+'1.Danh muc CPHC'!CJ144+'1.Danh muc CPHC'!CJ181+'1.Danh muc CPHC'!CJ218 -> 0 | CK33: ='1.Danh muc CPHC'!CK70+'1.Danh muc CPHC'!CK107+'1.Danh muc CPHC'!CK144+'1.Danh muc CPHC'!CK181+'1.Danh muc CPHC'!CK218 -> 4.724 | CL33: =CL70+CL107+CL144+CL181+CL218 -> 0 | CM33: =CM70+CM107+CM144+CM181+CM218 -> 0 | CN33: =CN70+CN107+CN144+CN181+CN218 -> 0 | CO33: =CO70+CO107+CO144+CO181+CO218 -> 0 | CP33: =CP70+CP107+CP144+CP181+CP218 -> 0 | CQ33: =CQ70+CQ107+CQ144+CQ181+CQ218 -> 0 | CR33: =CR70+CR107+CR144+CR181+CR218 -> 0 | CS33: =CS70+CS107+CS144+CS181+CS218 -> 0 | ... CX33: =CX70+CX107+CX144+CX181+CX218 -> 4.724 | DQ33: 23 | DR33: CP08-06 | DS33: Tiếp khách phòng chờ | DT33: =DT70+DT107+DT144+DT181+DT218 -> 21.614632 | DU33: =DU70+DU107+DU144+DU181+DU218 -> 97.11025 | DV33: =DV70+DV107+DV144+DV181+DV218 -> 5.956598 | DW33: =DW70+DW107+DW144+DW181+DW218 -> 4.165233 | DX33: =DX70+DX107+DX144+DX181+DX218 -> 6.051103 | DY33: =DY70+DY107+DY144+DY181+DY218 -> 16.172934 | DZ33: =DZ70+DZ107+DZ144+DZ181+DZ218 -> 6.785744 | EA33: =EA70+EA107+EA144+EA181+EA218 -> 3.954151 | ... EP33: =EP70+EP107+EP144+EP181+EP218 -> 0 | FE33: 23 | FF33: CP08-06 | FG33: Tiếp khách phòng chờ | FH33: =FH70+FH107+FH144+FH181+FH218 -> 10.80422 | FI33: =FI70+FI107+FI144+FI181+FI218 -> 38.854656 | FJ33: =FJ70+FJ107+FJ144+FJ181+FJ218 -> 4.028953 | FK33: =FK70+FK107+FK144+FK181+FK218 -> 2.505468 | FL33: =FL70+FL107+FL144+FL181+FL218 -> 3.134695 | FM33: =FM70+FM107+FM144+FM181+FM218 -> 9.669116 | FN33: =FN70+FN107+FN144+FN181+FN218 -> 1.902543 | FO33: =FO70+FO107+FO144+FO181+FO218 -> 4.135026 | ... GQ33: =GQ70+GQ107+GQ144+GQ181+GQ218 -> 0 | GS33: 23 | GT33: CP08-06 | GU33: Tiếp khách phòng chờ | GV33: =GV70+GV107+GV144+GV181+GV218 -> 12.1 | GW33: =GW70+GW107+GW144+GW181+GW218 -> 29.217045 | GX33: =GX70+GX107+GX144+GX181+GX218 -> 2.748504 | GY33: =GY70+GY107+GY144+GY181+GY218 -> 2.324377 | GZ33: =GZ70+GZ107+GZ144+GZ181+GZ218 -> 2.85979 | HA33: =HA70+HA107+HA144+HA181+HA218 -> 7.932671 | HB33: =HB70+HB107+HB144+HB181+HB218 -> 2.370344 | HC33: =HC70+HC107+HC144+HC181+HC218 -> 3.850225 | ... IE33: =IE70+IE107+IE144+IE181+IE218 -> 8.866389
A34: 24 | B34: CP09-21 | C34: Chi phí quà tặng cho mục đích giao tế | D34: =D71+D108+D145+D182+D219 -> 25.173715 | E34: =E71+E108+E145+E182+E219 -> 163.03994 | F34: =F71+F108+F145+F182+F219 -> 64.052121 | G34: =G71+G108+G145+G182+G219 -> 2.497 | H34: =H71+H108+H145+H182+H219 -> 18.773024 | I34: =I71+I108+I145+I182+I219 -> 85.322145 | J34: =J71+J108+J145+J182+J219 -> 3.1956 | K34: =K71+K108+K145+K182+K219 -> 2 | ... AM34: =AM71+AM108+AM145+AM182+AM219 -> 1 | AO34: 24 | AP34: CP09-21 | AQ34: Chi phí quà tặng cho mục đích giao tế | AR34: =AR71+AR108+AR145+AR182+AR219 -> 20.200715 | AS34: =AS71+AS108+AS145+AS182+AS219 -> 131.27095 | AT34: =AT71+AT108+AT145+AT182+AT219 -> 14.8 | AU34: =AU71+AU108+AU145+AU182+AU219 -> 0 | AV34: =AV71+AV108+AV145+AV182+AV219 -> 6.983376 | AW34: =AW71+AW108+AW145+AW182+AW219 -> 21.783376 | AX34: =AX71+AX108+AX145+AX182+AX219 -> 3.1956 | AY34: =AY71+AY108+AY145+AY182+AY219 -> 0 | ... CA34: =CA71+CA108+CA145+CA182+CA219 -> 0 | CC34: 24 | CD34: CP09-21 | CE34: Chi phí quà tặng cho mục đích giao tế | CF34: ='1.Danh muc CPHC'!CF71+'1.Danh muc CPHC'!CF108+'1.Danh muc CPHC'!CF145+'1.Danh muc CPHC'!CF182+'1.Danh muc CPHC'!CF219 -> 0 | CG34: ='1.Danh muc CPHC'!CG71+'1.Danh muc CPHC'!CG108+'1.Danh muc CPHC'!CG145+'1.Danh muc CPHC'!CG182+'1.Danh muc CPHC'!CG219 -> 19.820689 | CH34: ='1.Danh muc CPHC'!CH71+'1.Danh muc CPHC'!CH108+'1.Danh muc CPHC'!CH145+'1.Danh muc CPHC'!CH182+'1.Danh muc CPHC'!CH219 -> 1 | CI34: ='1.Danh muc CPHC'!CI71+'1.Danh muc CPHC'!CI108+'1.Danh muc CPHC'!CI145+'1.Danh muc CPHC'!CI182+'1.Danh muc CPHC'!CI219 -> 0 | CJ34: ='1.Danh muc CPHC'!CJ71+'1.Danh muc CPHC'!CJ108+'1.Danh muc CPHC'!CJ145+'1.Danh muc CPHC'!CJ182+'1.Danh muc CPHC'!CJ219 -> 1.813648 | CK34: ='1.Danh muc CPHC'!CK71+'1.Danh muc CPHC'!CK108+'1.Danh muc CPHC'!CK145+'1.Danh muc CPHC'!CK182+'1.Danh muc CPHC'!CK219 -> 2.813648 | CL34: =CL71+CL108+CL145+CL182+CL219 -> 0 | CM34: =CM71+CM108+CM145+CM182+CM219 -> 0 | CN34: =CN71+CN108+CN145+CN182+CN219 -> 0 | CO34: =CO71+CO108+CO145+CO182+CO219 -> 0 | CP34: =CP71+CP108+CP145+CP182+CP219 -> 0 | CQ34: =CQ71+CQ108+CQ145+CQ182+CQ219 -> 0 | CR34: =CR71+CR108+CR145+CR182+CR219 -> 0 | CS34: =CS71+CS108+CS145+CS182+CS219 -> 0 | ... CX34: =CX71+CX108+CX145+CX182+CX219 -> 2.813648 | DQ34: 24 | DR34: CP09-21 | DS34: Chi phí quà tặng cho mục đích giao tế | DT34: =DT71+DT108+DT145+DT182+DT219 -> 0 | DU34: =DU71+DU108+DU145+DU182+DU219 -> 2 | DV34: =DV71+DV108+DV145+DV182+DV219 -> 26.877156 | DW34: =DW71+DW108+DW145+DW182+DW219 -> 2 | DX34: =DX71+DX108+DX145+DX182+DX219 -> 4 | DY34: =DY71+DY108+DY145+DY182+DY219 -> 32.877156 | DZ34: =DZ71+DZ108+DZ145+DZ182+DZ219 -> 0 | EA34: =EA71+EA108+EA145+EA182+EA219 -> 0 | ... EP34: =EP71+EP108+EP145+EP182+EP219 -> 0 | FE34: 24 | FF34: CP09-21 | FG34: Chi phí quà tặng cho mục đích giao tế | FH34: =FH71+FH108+FH145+FH182+FH219 -> 4.973 | FI34: =FI71+FI108+FI145+FI182+FI219 -> 8.508582 | FJ34: =FJ71+FJ108+FJ145+FJ182+FJ219 -> 14.205132 | FK34: =FK71+FK108+FK145+FK182+FK219 -> 0 | FL34: =FL71+FL108+FL145+FL182+FL219 -> 3.976 | FM34: =FM71+FM108+FM145+FM182+FM219 -> 18.181132 | FN34: =FN71+FN108+FN145+FN182+FN219 -> 0 | FO34: =FO71+FO108+FO145+FO182+FO219 -> 0 | ... GQ34: =GQ71+GQ108+GQ145+GQ182+GQ219 -> 0 | GS34: 24 | GT34: CP09-21 | GU34: Chi phí quà tặng cho mục đích giao tế | GV34: =GV71+GV108+GV145+GV182+GV219 -> 0 | GW34: =GW71+GW108+GW145+GW182+GW219 -> 1.439722 | GX34: =GX71+GX108+GX145+GX182+GX219 -> 7.169833 | GY34: =GY71+GY108+GY145+GY182+GY219 -> 0.497 | GZ34: =GZ71+GZ108+GZ145+GZ182+GZ219 -> 2 | HA34: =HA71+HA108+HA145+HA182+HA219 -> 9.666833 | HB34: =HB71+HB108+HB145+HB182+HB219 -> 0 | HC34: =HC71+HC108+HC145+HC182+HC219 -> 2 | ... IE34: =IE71+IE108+IE145+IE182+IE219 -> 1
A35: V | C35: Chi phí quản lý tài sản | D35: =SUM(D36:D39) -> 573.32709 | E35: =SUM(E36:E39) -> 2460.1683 | F35: =SUM(F36:F39) -> 188.78858 | G35: =SUM(G36:G39) -> 187.79054 | H35: =SUM(H36:H39) -> 187.4437 | I35: =SUM(I36:I39) -> 564.02283 | J35: =SUM(J36:J39) -> 167.95022 | K35: =SUM(K36:K39) -> 163.32496 | ... AM35: =SUM(AM36:AM39) -> 34.990844 | AO35: V | AQ35: Chi phí quản lý tài sản | AR35: =SUM(AR36:AR39) -> 226.10177 | AS35: =SUM(AS36:AS39) -> 982.42857 | AT35: =SUM(AT36:AT39) -> 78.475365 | AU35: =SUM(AU36:AU39) -> 84.833557 | AV35: =SUM(AV36:AV39) -> 87.669308 | AW35: =SUM(AW36:AW39) -> 250.97823 | AX35: =SUM(AX36:AX39) -> 88.044961 | AY35: =SUM(AY36:AY39) -> 96.99508 | ... CA35: =SUM(CA36:CA39) -> 0 | CC35: V | CE35: Chi phí quản lý tài sản | CF35: =SUM(CF36:CF39) -> 28.681357 | CG35: =SUM(CG36:CG39) -> 301.51065 | CH35: =SUM(CH36:CH39) -> 21.590248 | CI35: =SUM(CI36:CI39) -> 21.790248 | CJ35: =SUM(CJ36:CJ39) -> 18.144326 | CK35: =SUM(CK36:CK39) -> 61.524823 | CL35: =SUM(CL36:CL39) -> 0 | CM35: =SUM(CM36:CM39) -> 0 | ... CX35: =SUM(CX36:CX39) -> 61.524823 | DQ35: V | DS35: Chi phí quản lý tài sản | DT35: =SUM(DT36:DT39) -> 131.65716 | DU35: =SUM(DU36:DU39) -> 348.01275 | DV35: =SUM(DV36:DV39) -> 23.827929 | DW35: =SUM(DW36:DW39) -> 16.798 | DX35: =SUM(DX36:DX39) -> 23.652878 | DY35: =SUM(DY36:DY39) -> 64.278807 | DZ35: =SUM(DZ36:DZ39) -> 23.895594 | EA35: =SUM(EA36:EA39) -> 20.063043 | ... EP35: =SUM(EP36:EP39) -> 0 | FE35: V | FG35: Chi phí quản lý tài sản | FH35: =SUM(FH36:FH39) -> 113.51709 | FI35: =SUM(FI36:FI39) -> 508.83452 | FJ35: =SUM(FJ36:FJ39) -> 31.27781 | FK35: =SUM(FK36:FK39) -> 30.507297 | FL35: =SUM(FL36:FL39) -> 30.554319 | FM35: =SUM(FM36:FM39) -> 92.339426 | FN35: =SUM(FN36:FN39) -> 31.221203 | FO35: =SUM(FO36:FO39) -> 25.775678 | ... GQ35: =SUM(GQ36:GQ39) -> 0 | GS35: V | GU35: Chi phí quản lý tài sản | GV35: =SUM(GV36:GV39) -> 73.369702 | GW35: =SUM(GW36:GW39) -> 319.38182 | GX35: =SUM(GX36:GX39) -> 33.617228 | GY35: =SUM(GY36:GY39) -> 33.86144 | GZ35: =SUM(GZ36:GZ39) -> 27.422873 | HA35: =SUM(HA36:HA39) -> 94.901541 | HB35: =SUM(HB36:HB39) -> 24.788461 | HC35: =SUM(HC36:HC39) -> 20.491161 | ... IE35: =SUM(IE36:IE39) -> 34.990844
A36: 25 | B36: CP04-03 | C36: Công cụ dụng cụ văn phòng | D36: =D73+D110+D147+D184+D221 -> 384.8805 | E36: =E73+E110+E147+E184+E221 -> 1635.378 | F36: =F73+F110+F147+F184+F221 -> 123.28245 | G36: =G73+G110+G147+G184+G221 -> 123.90997 | H36: =H73+H110+H147+H184+H221 -> 116.49634 | I36: =I73+I110+I147+I184+I221 -> 363.68876 | J36: =J73+J110+J147+J184+J221 -> 106.85378 | K36: =K73+K110+K147+K184+K221 -> 93.714633 | ... AM36: =AM73+AM110+AM147+AM184+AM221 -> 13.337565 | AO36: 25 | AP36: CP04-03 | AQ36: Công cụ dụng cụ văn phòng | AR36: =AR73+AR110+AR147+AR184+AR221 -> 163.79761 | AS36: =AS73+AS110+AS147+AS184+AS221 -> 592.67987 | AT36: =AT73+AT110+AT147+AT184+AT221 -> 47.873222 | AU36: =AU73+AU110+AU147+AU184+AU221 -> 50.906575 | AV36: =AV73+AV110+AV147+AV184+AV221 -> 53.060174 | AW36: =AW73+AW110+AW147+AW184+AW221 -> 151.83997 | AX36: =AX73+AX110+AX147+AX184+AX221 -> 60.642143 | AY36: =AY73+AY110+AY147+AY184+AY221 -> 60.272187 | ... CA36: =CA73+CA110+CA147+CA184+CA221 -> 0 | CC36: 25 | CD36: CP04-03 | CE36: Công cụ dụng cụ văn phòng | CF36: ='1.Danh muc CPHC'!CF73+'1.Danh muc CPHC'!CF110+'1.Danh muc CPHC'!CF147+'1.Danh muc CPHC'!CF184+'1.Danh muc CPHC'!CF221 -> 27.171044 | CG36: ='1.Danh muc CPHC'!CG73+'1.Danh muc CPHC'!CG110+'1.Danh muc CPHC'!CG147+'1.Danh muc CPHC'!CG184+'1.Danh muc CPHC'!CG221 -> 270.14265 | CH36: ='1.Danh muc CPHC'!CH73+'1.Danh muc CPHC'!CH110+'1.Danh muc CPHC'!CH147+'1.Danh muc CPHC'!CH184+'1.Danh muc CPHC'!CH221 -> 20.441713 | CI36: ='1.Danh muc CPHC'!CI73+'1.Danh muc CPHC'!CI110+'1.Danh muc CPHC'!CI147+'1.Danh muc CPHC'!CI184+'1.Danh muc CPHC'!CI221 -> 20.501713 | CJ36: ='1.Danh muc CPHC'!CJ73+'1.Danh muc CPHC'!CJ110+'1.Danh muc CPHC'!CJ147+'1.Danh muc CPHC'!CJ184+'1.Danh muc CPHC'!CJ221 -> 17.035791 | CK36: ='1.Danh muc CPHC'!CK73+'1.Danh muc CPHC'!CK110+'1.Danh muc CPHC'!CK147+'1.Danh muc CPHC'!CK184+'1.Danh muc CPHC'!CK221 -> 57.979216 | CL36: =CL73+CL110+CL147+CL184+CL221 -> 0 | CM36: =CM73+CM110+CM147+CM184+CM221 -> 0 | CN36: =CN73+CN110+CN147+CN184+CN221 -> 0 | CO36: =CO73+CO110+CO147+CO184+CO221 -> 0 | CP36: =CP73+CP110+CP147+CP184+CP221 -> 0 | CQ36: =CQ73+CQ110+CQ147+CQ184+CQ221 -> 0 | CR36: =CR73+CR110+CR147+CR184+CR221 -> 0 | CS36: =CS73+CS110+CS147+CS184+CS221 -> 0 | ... CX36: =CX73+CX110+CX147+CX184+CX221 -> 57.979216 | DQ36: 25 | DR36: CP04-03 | DS36: Công cụ dụng cụ văn phòng | DT36: =DT73+DT110+DT147+DT184+DT221 -> 76.009936 | DU36: =DU73+DU110+DU147+DU184+DU221 -> 169.10376 | DV36: =DV73+DV110+DV147+DV184+DV221 -> 19.410232 | DW36: =DW73+DW110+DW147+DW184+DW221 -> 8.3 | DX36: =DX73+DX110+DX147+DX184+DX221 -> 19.049855 | DY36: =DY73+DY110+DY147+DY184+DY221 -> 46.760087 | DZ36: =DZ73+DZ110+DZ147+DZ184+DZ221 -> 18.396738 | EA36: =EA73+EA110+EA147+EA184+EA221 -> 15.29419 | ... EP36: =EP73+EP110+EP147+EP184+EP221 -> 0 | FE36: 25 | FF36: CP04-03 | FG36: Công cụ dụng cụ văn phòng | FH36: =FH73+FH110+FH147+FH184+FH221 -> 60.826092 | FI36: =FI73+FI110+FI147+FI184+FI221 -> 339.23685 | FJ36: =FJ73+FJ110+FJ147+FJ184+FJ221 -> 16.148194 | FK36: =FK73+FK110+FK147+FK184+FK221 -> 15.986241 | FL36: =FL73+FL110+FL147+FL184+FL221 -> 15.611241 | FM36: =FM73+FM110+FM147+FM184+FM221 -> 47.745676 | FN36: =FN73+FN110+FN147+FN184+FN221 -> 16.279034 | FO36: =FO73+FO110+FO147+FO184+FO221 -> 10.025931 | ... GQ36: =GQ73+GQ110+GQ147+GQ184+GQ221 -> 0 | GS36: 25 | GT36: CP04-03 | GU36: Công cụ dụng cụ văn phòng | GV36: =GV73+GV110+GV147+GV184+GV221 -> 57.075814 | GW36: =GW73+GW110+GW147+GW184+GW221 -> 264.21489 | GX36: =GX73+GX110+GX147+GX184+GX221 -> 19.40909 | GY36: =GY73+GY110+GY147+GY184+GY221 -> 28.215443 | GZ36: =GZ73+GZ110+GZ147+GZ184+GZ221 -> 11.739277 | HA36: =HA73+HA110+HA147+HA184+HA221 -> 59.36381 | HB36: =HB73+HB110+HB147+HB184+HB221 -> 11.535863 | HC36: =HC73+HC110+HC147+HC184+HC221 -> 8.122325 | ... IE36: =IE73+IE110+IE147+IE184+IE221 -> 13.337565
A37: 26 | B37: CP01-22 | C37: Sửa chữa, bảo trì thiết bị, CCDC | D37: =D74+D111+D148+D185+D222 -> 95.605311 | E37: =E74+E111+E148+E185+E222 -> 313.08948 | F37: =F74+F111+F148+F185+F222 -> 22.410246 | G37: =G74+G111+G148+G185+G222 -> 19.064691 | H37: =H74+H111+H148+H185+H222 -> 25.293379 | I37: =I74+I111+I148+I185+I222 -> 66.768317 | J37: =J74+J111+J148+J185+J222 -> 19.792969 | K37: =K74+K111+K148+K185+K222 -> 14.756014 | ... AM37: =AM74+AM111+AM148+AM185+AM222 -> 2.285002 | AO37: 26 | AP37: CP01-22 | AQ37: Sửa chữa, bảo trì thiết bị, CCDC | AR37: =AR74+AR111+AR148+AR185+AR222 -> 17.376159 | AS37: =AS74+AS111+AS148+AS185+AS222 -> 99.569699 | AT37: =AT74+AT111+AT148+AT185+AT222 -> 5.1671433 | AU37: =AU74+AU111+AU148+AU185+AU222 -> 6.6919817 | AV37: =AV74+AV111+AV148+AV185+AV222 -> 8.3091333 | AW37: =AW74+AW111+AW148+AW185+AW222 -> 20.168258 | AX37: =AX74+AX111+AX148+AX185+AX222 -> 5.403333 | AY37: =AY74+AY111+AY148+AY185+AY222 -> 4.655 | ... CA37: =CA74+CA111+CA148+CA185+CA222 -> 0 | CC37: 26 | CD37: CP01-22 | CE37: Sửa chữa, bảo trì thiết bị, CCDC | CF37: ='1.Danh muc CPHC'!CF74+'1.Danh muc CPHC'!CF111+'1.Danh muc CPHC'!CF148+'1.Danh muc CPHC'!CF185+'1.Danh muc CPHC'!CF222 -> 1.5103133 | CG37: ='1.Danh muc CPHC'!CG74+'1.Danh muc CPHC'!CG111+'1.Danh muc CPHC'!CG148+'1.Danh muc CPHC'!CG185+'1.Danh muc CPHC'!CG222 -> 8.168 | CH37: ='1.Danh muc CPHC'!CH74+'1.Danh muc CPHC'!CH111+'1.Danh muc CPHC'!CH148+'1.Danh muc CPHC'!CH185+'1.Danh muc CPHC'!CH222 -> 1.1485356 | CI37: ='1.Danh muc CPHC'!CI74+'1.Danh muc CPHC'!CI111+'1.Danh muc CPHC'!CI148+'1.Danh muc CPHC'!CI185+'1.Danh muc CPHC'!CI222 -> 1.2085356 | CJ37: ='1.Danh muc CPHC'!CJ74+'1.Danh muc CPHC'!CJ111+'1.Danh muc CPHC'!CJ148+'1.Danh muc CPHC'!CJ185+'1.Danh muc CPHC'!CJ222 -> 1.0685352 | CK37: ='1.Danh muc CPHC'!CK74+'1.Danh muc CPHC'!CK111+'1.Danh muc CPHC'!CK148+'1.Danh muc CPHC'!CK185+'1.Danh muc CPHC'!CK222 -> 3.4256063 | CL37: =CL74+CL111+CL148+CL185+CL222 -> 0 | CM37: =CM74+CM111+CM148+CM185+CM222 -> 0 | CN37: =CN74+CN111+CN148+CN185+CN222 -> 0 | CO37: =CO74+CO111+CO148+CO185+CO222 -> 0 | CP37: =CP74+CP111+CP148+CP185+CP222 -> 0 | CQ37: =CQ74+CQ111+CQ148+CQ185+CQ222 -> 0 | CR37: =CR74+CR111+CR148+CR185+CR222 -> 0 | CS37: =CS74+CS111+CS148+CS185+CS222 -> 0 | ... CX37: =CX74+CX111+CX148+CX185+CX222 -> 3.4256063 | DQ37: 26 | DR37: CP01-22 | DS37: Sửa chữa, bảo trì thiết bị, CCDC | DT37: =DT74+DT111+DT148+DT185+DT222 -> 34.147229 | DU37: =DU74+DU111+DU148+DU185+DU222 -> 87.026622 | DV37: =DV74+DV111+DV148+DV185+DV222 -> 0.219697 | DW37: =DW74+DW111+DW148+DW185+DW222 -> 4.3 | DX37: =DX74+DX111+DX148+DX185+DX222 -> 0 | DY37: =DY74+DY111+DY148+DY185+DY222 -> 4.519697 | DZ37: =DZ74+DZ111+DZ148+DZ185+DZ222 -> 0.895833 | EA37: =EA74+EA111+EA148+EA185+EA222 -> 0.165833 | ... EP37: =EP74+EP111+EP148+EP185+EP222 -> 0 | FE37: 26 | FF37: CP01-22 | FG37: Sửa chữa, bảo trì thiết bị, CCDC | FH37: =FH74+FH111+FH148+FH185+FH222 -> 26.277721 | FI37: =FI74+FI111+FI148+FI185+FI222 -> 69.700646 | FJ37: =FJ74+FJ111+FJ148+FJ185+FJ222 -> 6.1325 | FK37: =FK74+FK111+FK148+FK185+FK222 -> 5.297501 | FL37: =FL74+FL111+FL148+FL185+FL222 -> 5.514167 | FM37: =FM74+FM111+FM148+FM185+FM222 -> 16.944168 | FN37: =FN74+FN111+FN148+FN185+FN222 -> 5.523257 | FO37: =FO74+FO111+FO148+FO185+FO222 -> 6.330836 | ... GQ37: =GQ74+GQ111+GQ148+GQ185+GQ222 -> 0 | GS37: 26 | GT37: CP01-22 | GU37: Sửa chữa, bảo trì thiết bị, CCDC | GV37: =GV74+GV111+GV148+GV185+GV222 -> 16.293888 | GW37: =GW74+GW111+GW148+GW185+GW222 -> 48.624511 | GX37: =GX74+GX111+GX148+GX185+GX222 -> 9.74237 | GY37: =GY74+GY111+GY148+GY185+GY222 -> 1.566673 | GZ37: =GZ74+GZ111+GZ148+GZ185+GZ222 -> 10.401544 | HA37: =HA74+HA111+HA148+HA185+HA222 -> 21.710587 | HB37: =HB74+HB111+HB148+HB185+HB222 -> 7.970546 | HC37: =HC74+HC111+HC148+HC185+HC222 -> 3.604345 | ... IE37: =IE74+IE111+IE148+IE185+IE222 -> 2.285002
A38: 27 | B38: CP12-04 | C38: Chi phí xét xe, đăng kiểm xe công | D38: =D75+D112+D149+D186+D223 -> 7.596701 | E38: =E75+E112+E149+E186+E223 -> 45.840126 | F38: =F75+F112+F149+F186+F223 -> 2.5537 | G38: =G75+G112+G149+G186+G223 -> 4.233695 | H38: =H75+H112+H149+H186+H223 -> 5.091802 | I38: =I75+I112+I149+I186+I223 -> 11.879197 | J38: =J75+J112+J149+J186+J223 -> 5.661287 | K38: =K75+K112+K149+K186+K223 -> 13.612131 | ... AM38: =AM75+AM112+AM149+AM186+AM223 -> 1.435601 | AO38: 27 | AP38: CP12-04 | AQ38: Chi phí xét xe, đăng kiểm xe công | AR38: =AR75+AR112+AR149+AR186+AR223 -> 5.678 | AS38: =AS75+AS112+AS149+AS186+AS223 -> 14.179 | AT38: =AT75+AT112+AT149+AT186+AT223 -> 1.335 | AU38: =AU75+AU112+AU149+AU186+AU223 -> 3.135 | AV38: =AV75+AV112+AV149+AV186+AV223 -> 2.2 | AW38: =AW75+AW112+AW149+AW186+AW223 -> 6.67 | AX38: =AX75+AX112+AX149+AX186+AX223 -> 2.799485 | AY38: =AY75+AY112+AY149+AY186+AY223 -> 7.267893 | ... CA38: =CA75+CA112+CA149+CA186+CA223 -> 0 | CC38: 27 | CD38: CP12-04 | CE38: Chi phí xét xe, đăng kiểm xe công | CF38: ='1.Danh muc CPHC'!CF75+'1.Danh muc CPHC'!CF112+'1.Danh muc CPHC'!CF149+'1.Danh muc CPHC'!CF186+'1.Danh muc CPHC'!CF223 -> 0 | CG38: ='1.Danh muc CPHC'!CG75+'1.Danh muc CPHC'!CG112+'1.Danh muc CPHC'!CG149+'1.Danh muc CPHC'!CG186+'1.Danh muc CPHC'!CG223 -> 23.2 | CH38: ='1.Danh muc CPHC'!CH75+'1.Danh muc CPHC'!CH112+'1.Danh muc CPHC'!CH149+'1.Danh muc CPHC'!CH186+'1.Danh muc CPHC'!CH223 -> 0 | CI38: ='1.Danh muc CPHC'!CI75+'1.Danh muc CPHC'!CI112+'1.Danh muc CPHC'!CI149+'1.Danh muc CPHC'!CI186+'1.Danh muc CPHC'!CI223 -> 0.04 | CJ38: ='1.Danh muc CPHC'!CJ75+'1.Danh muc CPHC'!CJ112+'1.Danh muc CPHC'!CJ149+'1.Danh muc CPHC'!CJ186+'1.Danh muc CPHC'!CJ223 -> 0.02 | CK38: ='1.Danh muc CPHC'!CK75+'1.Danh muc CPHC'!CK112+'1.Danh muc CPHC'!CK149+'1.Danh muc CPHC'!CK186+'1.Danh muc CPHC'!CK223 -> 0.06 | CL38: =CL75+CL112+CL149+CL186+CL223 -> 0 | CM38: =CM75+CM112+CM149+CM186+CM223 -> 0 | CN38: =CN75+CN112+CN149+CN186+CN223 -> 0 | CO38: =CO75+CO112+CO149+CO186+CO223 -> 0 | CP38: =CP75+CP112+CP149+CP186+CP223 -> 0 | CQ38: =CQ75+CQ112+CQ149+CQ186+CQ223 -> 0 | CR38: =CR75+CR112+CR149+CR186+CR223 -> 0 | CS38: =CS75+CS112+CS149+CS186+CS223 -> 0 | ... CX38: =CX75+CX112+CX149+CX186+CX223 -> 0.06 | DQ38: 27 | DR38: CP12-04 | DS38: Chi phí xét xe, đăng kiểm xe công | DT38: =DT75+DT112+DT149+DT186+DT223 -> 0 | DU38: =DU75+DU112+DU149+DU186+DU223 -> 0 | DV38: =DV75+DV112+DV149+DV186+DV223 -> 0 | DW38: =DW75+DW112+DW149+DW186+DW223 -> 0 | DX38: =DX75+DX112+DX149+DX186+DX223 -> 0.405023 | DY38: =DY75+DY112+DY149+DY186+DY223 -> 0.405023 | DZ38: =DZ75+DZ112+DZ149+DZ186+DZ223 -> 0.405023 | EA38: =EA75+EA112+EA149+EA186+EA223 -> 0.40502 | ... EP38: =EP75+EP112+EP149+EP186+EP223 -> 0 | FE38: 27 | FF38: CP12-04 | FG38: Chi phí xét xe, đăng kiểm xe công | FH38: =FH75+FH112+FH149+FH186+FH223 -> 1.918701 | FI38: =FI75+FI112+FI149+FI186+FI223 -> 1.918701 | FJ38: =FJ75+FJ112+FJ149+FJ186+FJ223 -> 0.832256 | FK38: =FK75+FK112+FK149+FK186+FK223 -> 1.058695 | FL38: =FL75+FL112+FL149+FL186+FL223 -> 1.264051 | FM38: =FM75+FM112+FM149+FM186+FM223 -> 3.155002 | FN38: =FN75+FN112+FN149+FN186+FN223 -> 1.254051 | FO38: =FO75+FO112+FO149+FO186+FO223 -> 1.254051 | ... GQ38: =GQ75+GQ112+GQ149+GQ186+GQ223 -> 0 | GS38: 27 | GT38: CP12-04 | GU38: Chi phí xét xe, đăng kiểm xe công | GV38: =GV75+GV112+GV149+GV186+GV223 -> 0 | GW38: =GW75+GW112+GW149+GW186+GW223 -> 6.542425 | GX38: =GX75+GX112+GX149+GX186+GX223 -> 0.386444 | GY38: =GY75+GY112+GY149+GY186+GY223 -> 0 | GZ38: =GZ75+GZ112+GZ149+GZ186+GZ223 -> 1.202728 | HA38: =HA75+HA112+HA149+HA186+HA223 -> 1.589172 | HB38: =HB75+HB112+HB149+HB186+HB223 -> 1.202728 | HC38: =HC75+HC112+HC149+HC186+HC223 -> 4.685167 | ... IE38: =IE75+IE112+IE149+IE186+IE223 -> 1.435601
A39: 28 | B39: CP01-29 | C39: Khấu hao xe công | D39: =D76+D113+D150+D187+D224 -> 85.24458 | E39: =E76+E113+E150+E187+E224 -> 465.86069 | F39: =F76+F113+F150+F187+F224 -> 40.542184 | G39: =G76+G113+G150+G187+G224 -> 40.582184 | H39: =H76+H113+H150+H187+H224 -> 40.562184 | I39: =I76+I113+I150+I187+I224 -> 121.68655 | J39: =J76+J113+J150+J187+J224 -> 35.642185 | K39: =K76+K113+K150+K187+K224 -> 41.242184 | ... AM39: =AM76+AM113+AM150+AM187+AM224 -> 17.932676 | AO39: 28 | AP39: CP01-29 | AQ39: Khấu hao xe công | AR39: =AR76+AR113+AR150+AR187+AR224 -> 39.25 | AS39: =AS76+AS113+AS150+AS187+AS224 -> 276 | AT39: =AT76+AT113+AT150+AT187+AT224 -> 24.1 | AU39: =AU76+AU113+AU150+AU187+AU224 -> 24.1 | AV39: =AV76+AV113+AV150+AV187+AV224 -> 24.1 | AW39: =AW76+AW113+AW150+AW187+AW224 -> 72.3 | AX39: =AX76+AX113+AX150+AX187+AX224 -> 19.2 | AY39: =AY76+AY113+AY150+AY187+AY224 -> 24.8 | ... CA39: =CA76+CA113+CA150+CA187+CA224 -> 0 | CC39: 28 | CD39: CP01-29 | CE39: Khấu hao xe công | CF39: ='1.Danh muc CPHC'!CF76+'1.Danh muc CPHC'!CF113+'1.Danh muc CPHC'!CF150+'1.Danh muc CPHC'!CF187+'1.Danh muc CPHC'!CF224 -> 0 | CG39: ='1.Danh muc CPHC'!CG76+'1.Danh muc CPHC'!CG113+'1.Danh muc CPHC'!CG150+'1.Danh muc CPHC'!CG187+'1.Danh muc CPHC'!CG224 -> 0 | CH39: ='1.Danh muc CPHC'!CH76+'1.Danh muc CPHC'!CH113+'1.Danh muc CPHC'!CH150+'1.Danh muc CPHC'!CH187+'1.Danh muc CPHC'!CH224 -> 0 | CI39: ='1.Danh muc CPHC'!CI76+'1.Danh muc CPHC'!CI113+'1.Danh muc CPHC'!CI150+'1.Danh muc CPHC'!CI187+'1.Danh muc CPHC'!CI224 -> 0.04 | CJ39: ='1.Danh muc CPHC'!CJ76+'1.Danh muc CPHC'!CJ113+'1.Danh muc CPHC'!CJ150+'1.Danh muc CPHC'!CJ187+'1.Danh muc CPHC'!CJ224 -> 0.02 | CK39: ='1.Danh muc CPHC'!CK76+'1.Danh muc CPHC'!CK113+'1.Danh muc CPHC'!CK150+'1.Danh muc CPHC'!CK187+'1.Danh muc CPHC'!CK224 -> 0.06 | CL39: =CL76+CL113+CL150+CL187+CL224 -> 0 | CM39: =CM76+CM113+CM150+CM187+CM224 -> 0 | CN39: =CN76+CN113+CN150+CN187+CN224 -> 0 | CO39: =CO76+CO113+CO150+CO187+CO224 -> 0 | CP39: =CP76+CP113+CP150+CP187+CP224 -> 0 | CQ39: =CQ76+CQ113+CQ150+CQ187+CQ224 -> 0 | CR39: =CR76+CR113+CR150+CR187+CR224 -> 0 | CS39: =CS76+CS113+CS150+CS187+CS224 -> 0 | ... CX39: =CX76+CX113+CX150+CX187+CX224 -> 0.06 | DQ39: 28 | DR39: CP01-29 | DS39: Khấu hao xe công | DT39: =DT76+DT113+DT150+DT187+DT224 -> 21.5 | DU39: =DU76+DU113+DU150+DU187+DU224 -> 91.882368 | DV39: =DV76+DV113+DV150+DV187+DV224 -> 4.198 | DW39: =DW76+DW113+DW150+DW187+DW224 -> 4.198 | DX39: =DX76+DX113+DX150+DX187+DX224 -> 4.198 | DY39: =DY76+DY113+DY150+DY187+DY224 -> 12.594 | DZ39: =DZ76+DZ113+DZ150+DZ187+DZ224 -> 4.198 | EA39: =EA76+EA113+EA150+EA187+EA224 -> 4.198 | ... EP39: =EP76+EP113+EP150+EP187+EP224 -> 0 | FE39: 28 | FF39: CP01-29 | FG39: Khấu hao xe công | FH39: =FH76+FH113+FH150+FH187+FH224 -> 24.49458 | FI39: =FI76+FI113+FI150+FI187+FI224 -> 97.97832 | FJ39: =FJ76+FJ113+FJ150+FJ187+FJ224 -> 8.16486 | FK39: =FK76+FK113+FK150+FK187+FK224 -> 8.16486 | FL39: =FL76+FL113+FL150+FL187+FL224 -> 8.16486 | FM39: =FM76+FM113+FM150+FM187+FM224 -> 24.49458 | FN39: =FN76+FN113+FN150+FN187+FN224 -> 8.164861 | FO39: =FO76+FO113+FO150+FO187+FO224 -> 8.16486 | ... GQ39: =GQ76+GQ113+GQ150+GQ187+GQ224 -> 0 | GS39: 28 | GT39: CP01-29 | GU39: Khấu hao xe công | GV39: =GV76+GV113+GV150+GV187+GV224 -> 0 | GW39: =GW76+GW113+GW150+GW187+GW224 -> 0 | GX39: =GX76+GX113+GX150+GX187+GX224 -> 4.079324 | GY39: =GY76+GY113+GY150+GY187+GY224 -> 4.079324 | GZ39: =GZ76+GZ113+GZ150+GZ187+GZ224 -> 4.079324 | HA39: =HA76+HA113+HA150+HA187+HA224 -> 12.237972 | HB39: =HB76+HB113+HB150+HB187+HB224 -> 4.079324 | HC39: =HC76+HC113+HC150+HC187+HC224 -> 4.079324 | ... IE39: =IE76+IE113+IE150+IE187+IE224 -> 17.932676
A40: VI | C40: Chi phí thuê ngoài | D40: =SUM(D41:D42) -> 40.884833 | E40: =SUM(E41:E42) -> 380.51851 | F40: =SUM(F41:F42) -> 30.937633 | G40: =SUM(G41:G42) -> 30.801133 | H40: =SUM(H41:H42) -> 29.6113 | I40: =SUM(I41:I42) -> 91.350067 | J40: =SUM(J41:J42) -> 30.8423 | K40: =SUM(K41:K42) -> 29.5868 | ... AM40: =SUM(AM41:AM42) -> 4.988 | AO40: VI | AQ40: Chi phí thuê ngoài | AR40: =SUM(AR41:AR42) -> 23 | AS40: =SUM(AS41:AS42) -> 274.2 | AT40: =SUM(AT41:AT42) -> 23 | AU40: =SUM(AU41:AU42) -> 23 | AV40: =SUM(AV41:AV42) -> 23 | AW40: =SUM(AW41:AW42) -> 69 | AX40: =SUM(AX41:AX42) -> 23 | AY40: =SUM(AY41:AY42) -> 23 | ... CA40: =SUM(CA41:CA42) -> 0 | CC40: VI | CE40: Chi phí thuê ngoài | CF40: =SUM(CF41:CF42) -> 0 | CG40: =SUM(CG41:CG42) -> 0 | CH40: =SUM(CH41:CH42) -> 0 | CI40: =SUM(CI41:CI42) -> 0 | CJ40: =SUM(CJ41:CJ42) -> 0 | CK40: =SUM(CK41:CK42) -> 0 | CL40: =SUM(CL41:CL42) -> 0 | CM40: =SUM(CM41:CM42) -> 0 | ... CX40: =SUM(CX41:CX42) -> 0 | DQ40: VI | DS40: Chi phí thuê ngoài | DT40: =SUM(DT41:DT42) -> 0 | DU40: =SUM(DU41:DU42) -> 0 | DV40: =SUM(DV41:DV42) -> 0 | DW40: =SUM(DW41:DW42) -> 0 | DX40: =SUM(DX41:DX42) -> 0 | DY40: =SUM(DY41:DY42) -> 0 | DZ40: =SUM(DZ41:DZ42) -> 0 | EA40: =SUM(EA41:EA42) -> 0 | ... EP40: =SUM(EP41:EP42) -> 0 | FE40: VI | FG40: Chi phí thuê ngoài | FH40: =SUM(FH41:FH42) -> 12.469 | FI40: =SUM(FI41:FI42) -> 30.717 | FJ40: =SUM(FJ41:FJ42) -> 5.387 | FK40: =SUM(FK41:FK42) -> 5.2505 | FL40: =SUM(FL41:FL42) -> 5.3765 | FM40: =SUM(FM41:FM42) -> 16.014 | FN40: =SUM(FN41:FN42) -> 5.366 | FO40: =SUM(FO41:FO42) -> 5.352 | ... GQ40: =SUM(GQ41:GQ42) -> 0 | GS40: VI | GU40: Chi phí thuê ngoài | GV40: =SUM(GV41:GV42) -> 5.4158333 | GW40: =SUM(GW41:GW42) -> 75.601515 | GX40: =SUM(GX41:GX42) -> 2.5506333 | GY40: =SUM(GY41:GY42) -> 2.5506333 | GZ40: =SUM(GZ41:GZ42) -> 1.2348 | HA40: =SUM(HA41:HA42) -> 6.3360667 | HB40: =SUM(HB41:HB42) -> 2.4763 | HC40: =SUM(HC41:HC42) -> 1.2348 | ... IE40: =SUM(IE41:IE42) -> 4.988
A41: 29 | B41: CP07-04 | C41: Thuê xe công | D41: =D78+D115+D152+D189+D226 -> 0 | E41: =E78+E115+E152+E189+E226 -> 42.886515 | F41: =F78+F115+F152+F189+F226 -> 0 | G41: =G78+G115+G152+G189+G226 -> 0 | H41: =H78+H115+H152+H189+H226 -> 0 | I41: =I78+I115+I152+I189+I226 -> 0 | J41: =J78+J115+J152+J189+J226 -> 0 | K41: =K78+K115+K152+K189+K226 -> 0 | ... AM41: =AM78+AM115+AM152+AM189+AM226 -> 0 | AO41: 29 | AP41: CP07-04 | AQ41: Thuê xe công | AR41: =AR78+AR115+AR152+AR189+AR226 -> 0 | AS41: =AS78+AS115+AS152+AS189+AS226 -> 0 | AT41: =AT78+AT115+AT152+AT189+AT226 -> 0 | AU41: =AU78+AU115+AU152+AU189+AU226 -> 0 | AV41: =AV78+AV115+AV152+AV189+AV226 -> 0 | AW41: =AW78+AW115+AW152+AW189+AW226 -> 0 | AX41: =AX78+AX115+AX152+AX189+AX226 -> 0 | AY41: =AY78+AY115+AY152+AY189+AY226 -> 0 | ... CA41: =CA78+CA115+CA152+CA189+CA226 -> 0 | CC41: 29 | CD41: CP07-04 | CE41: Thuê xe công | CF41: ='1.Danh muc CPHC'!CF78+'1.Danh muc CPHC'!CF115+'1.Danh muc CPHC'!CF152+'1.Danh muc CPHC'!CF189+'1.Danh muc CPHC'!CF226 -> 0 | CG41: ='1.Danh muc CPHC'!CG78+'1.Danh muc CPHC'!CG115+'1.Danh muc CPHC'!CG152+'1.Danh muc CPHC'!CG189+'1.Danh muc CPHC'!CG226 -> 0 | CH41: ='1.Danh muc CPHC'!CH78+'1.Danh muc CPHC'!CH115+'1.Danh muc CPHC'!CH152+'1.Danh muc CPHC'!CH189+'1.Danh muc CPHC'!CH226 -> 0 | CI41: ='1.Danh muc CPHC'!CI78+'1.Danh muc CPHC'!CI115+'1.Danh muc CPHC'!CI152+'1.Danh muc CPHC'!CI189+'1.Danh muc CPHC'!CI226 -> 0 | CJ41: ='1.Danh muc CPHC'!CJ78+'1.Danh muc CPHC'!CJ115+'1.Danh muc CPHC'!CJ152+'1.Danh muc CPHC'!CJ189+'1.Danh muc CPHC'!CJ226 -> 0 | CK41: ='1.Danh muc CPHC'!CK78+'1.Danh muc CPHC'!CK115+'1.Danh muc CPHC'!CK152+'1.Danh muc CPHC'!CK189+'1.Danh muc CPHC'!CK226 -> 0 | CL41: =CL78+CL115+CL152+CL189+CL226 -> 0 | CM41: =CM78+CM115+CM152+CM189+CM226 -> 0 | CN41: =CN78+CN115+CN152+CN189+CN226 -> 0 | CO41: =CO78+CO115+CO152+CO189+CO226 -> 0 | CP41: =CP78+CP115+CP152+CP189+CP226 -> 0 | CQ41: =CQ78+CQ115+CQ152+CQ189+CQ226 -> 0 | CR41: =CR78+CR115+CR152+CR189+CR226 -> 0 | CS41: =CS78+CS115+CS152+CS189+CS226 -> 0 | ... CX41: =CX78+CX115+CX152+CX189+CX226 -> 0 | DQ41: 29 | DR41: CP07-04 | DS41: Thuê xe công | DT41: =DT78+DT115+DT152+DT189+DT226 -> 0 | DU41: =DU78+DU115+DU152+DU189+DU226 -> 0 | DV41: =DV78+DV115+DV152+DV189+DV226 -> 0 | DW41: =DW78+DW115+DW152+DW189+DW226 -> 0 | DX41: =DX78+DX115+DX152+DX189+DX226 -> 0 | DY41: =DY78+DY115+DY152+DY189+DY226 -> 0 | DZ41: =DZ78+DZ115+DZ152+DZ189+DZ226 -> 0 | EA41: =EA78+EA115+EA152+EA189+EA226 -> 0 | ... EP41: =EP78+EP115+EP152+EP189+EP226 -> 0 | FE41: 29 | FF41: CP07-04 | FG41: Thuê xe công | FH41: =FH78+FH115+FH152+FH189+FH226 -> 0 | FI41: =FI78+FI115+FI152+FI189+FI226 -> 0 | FJ41: =FJ78+FJ115+FJ152+FJ189+FJ226 -> 0 | FK41: =FK78+FK115+FK152+FK189+FK226 -> 0 | FL41: =FL78+FL115+FL152+FL189+FL226 -> 0 | FM41: =FM78+FM115+FM152+FM189+FM226 -> 0 | FN41: =FN78+FN115+FN152+FN189+FN226 -> 0 | FO41: =FO78+FO115+FO152+FO189+FO226 -> 0 | ... GQ41: =GQ78+GQ115+GQ152+GQ189+GQ226 -> 0 | GS41: 29 | GT41: CP07-04 | GU41: Thuê xe công | GV41: =GV78+GV115+GV152+GV189+GV226 -> 0 | GW41: =GW78+GW115+GW152+GW189+GW226 -> 42.886515 | GX41: =GX78+GX115+GX152+GX189+GX226 -> 0 | GY41: =GY78+GY115+GY152+GY189+GY226 -> 0 | GZ41: =GZ78+GZ115+GZ152+GZ189+GZ226 -> 0 | HA41: =HA78+HA115+HA152+HA189+HA226 -> 0 | HB41: =HB78+HB115+HB152+HB189+HB226 -> 0 | HC41: =HC78+HC115+HC152+HC189+HC226 -> 0 | ... IE41: =IE78+IE115+IE152+IE189+IE226 -> 0
A42: 30 | B42: CP07-13 | C42: Thuê nhà công vụ | D42: =D79+D116+D153+D190+D227 -> 40.884833 | E42: =E79+E116+E153+E190+E227 -> 337.632 | F42: =F79+F116+F153+F190+F227 -> 30.937633 | G42: =G79+G116+G153+G190+G227 -> 30.801133 | H42: =H79+H116+H153+H190+H227 -> 29.6113 | I42: =I79+I116+I153+I190+I227 -> 91.350067 | J42: =J79+J116+J153+J190+J227 -> 30.8423 | K42: =K79+K116+K153+K190+K227 -> 29.5868 | ... AM42: =AM79+AM116+AM153+AM190+AM227 -> 4.988 | AO42: 30 | AP42: CP07-13 | AQ42: Thuê nhà công vụ | AR42: =AR79+AR116+AR153+AR190+AR227 -> 23 | AS42: =AS79+AS116+AS153+AS190+AS227 -> 274.2 | AT42: =AT79+AT116+AT153+AT190+AT227 -> 23 | AU42: =AU79+AU116+AU153+AU190+AU227 -> 23 | AV42: =AV79+AV116+AV153+AV190+AV227 -> 23 | AW42: =AW79+AW116+AW153+AW190+AW227 -> 69 | AX42: =AX79+AX116+AX153+AX190+AX227 -> 23 | AY42: =AY79+AY116+AY153+AY190+AY227 -> 23 | ... CA42: =CA79+CA116+CA153+CA190+CA227 -> 0 | CC42: 30 | CD42: CP07-13 | CE42: Thuê nhà công vụ | CF42: ='1.Danh muc CPHC'!CF79+'1.Danh muc CPHC'!CF116+'1.Danh muc CPHC'!CF153+'1.Danh muc CPHC'!CF190+'1.Danh muc CPHC'!CF227 -> 0 | CG42: ='1.Danh muc CPHC'!CG79+'1.Danh muc CPHC'!CG116+'1.Danh muc CPHC'!CG153+'1.Danh muc CPHC'!CG190+'1.Danh muc CPHC'!CG227 -> 0 | CH42: ='1.Danh muc CPHC'!CH79+'1.Danh muc CPHC'!CH116+'1.Danh muc CPHC'!CH153+'1.Danh muc CPHC'!CH190+'1.Danh muc CPHC'!CH227 -> 0 | CI42: ='1.Danh muc CPHC'!CI79+'1.Danh muc CPHC'!CI116+'1.Danh muc CPHC'!CI153+'1.Danh muc CPHC'!CI190+'1.Danh muc CPHC'!CI227 -> 0 | CJ42: ='1.Danh muc CPHC'!CJ79+'1.Danh muc CPHC'!CJ116+'1.Danh muc CPHC'!CJ153+'1.Danh muc CPHC'!CJ190+'1.Danh muc CPHC'!CJ227 -> 0 | CK42: ='1.Danh muc CPHC'!CK79+'1.Danh muc CPHC'!CK116+'1.Danh muc CPHC'!CK153+'1.Danh muc CPHC'!CK190+'1.Danh muc CPHC'!CK227 -> 0 | CL42: =CL79+CL116+CL153+CL190+CL227 -> 0 | CM42: =CM79+CM116+CM153+CM190+CM227 -> 0 | CN42: =CN79+CN116+CN153+CN190+CN227 -> 0 | CO42: =CO79+CO116+CO153+CO190+CO227 -> 0 | CP42: =CP79+CP116+CP153+CP190+CP227 -> 0 | CQ42: =CQ79+CQ116+CQ153+CQ190+CQ227 -> 0 | CR42: =CR79+CR116+CR153+CR190+CR227 -> 0 | CS42: =CS79+CS116+CS153+CS190+CS227 -> 0 | ... CX42: =CX79+CX116+CX153+CX190+CX227 -> 0 | DQ42: 30 | DR42: CP07-13 | DS42: Thuê nhà công vụ | DT42: =DT79+DT116+DT153+DT190+DT227 -> 0 | DU42: =DU79+DU116+DU153+DU190+DU227 -> 0 | DV42: =DV79+DV116+DV153+DV190+DV227 -> 0 | DW42: =DW79+DW116+DW153+DW190+DW227 -> 0 | DX42: =DX79+DX116+DX153+DX190+DX227 -> 0 | DY42: =DY79+DY116+DY153+DY190+DY227 -> 0 | DZ42: =DZ79+DZ116+DZ153+DZ190+DZ227 -> 0 | EA42: =EA79+EA116+EA153+EA190+EA227 -> 0 | ... EP42: =EP79+EP116+EP153+EP190+EP227 -> 0 | FE42: 30 | FF42: CP07-13 | FG42: Thuê nhà công vụ | FH42: =FH79+FH116+FH153+FH190+FH227 -> 12.469 | FI42: =FI79+FI116+FI153+FI190+FI227 -> 30.717 | FJ42: =FJ79+FJ116+FJ153+FJ190+FJ227 -> 5.387 | FK42: =FK79+FK116+FK153+FK190+FK227 -> 5.2505 | FL42: =FL79+FL116+FL153+FL190+FL227 -> 5.3765 | FM42: =FM79+FM116+FM153+FM190+FM227 -> 16.014 | FN42: =FN79+FN116+FN153+FN190+FN227 -> 5.366 | FO42: =FO79+FO116+FO153+FO190+FO227 -> 5.352 | ... GQ42: =GQ79+GQ116+GQ153+GQ190+GQ227 -> 0 | GS42: 30 | GT42: CP07-13 | GU42: Thuê nhà công vụ | GV42: =GV79+GV116+GV153+GV190+GV227 -> 5.4158333 | GW42: =GW79+GW116+GW153+GW190+GW227 -> 32.715 | GX42: =GX79+GX116+GX153+GX190+GX227 -> 2.5506333 | GY42: =GY79+GY116+GY153+GY190+GY227 -> 2.5506333 | GZ42: =GZ79+GZ116+GZ153+GZ190+GZ227 -> 1.2348 | HA42: =HA79+HA116+HA153+HA190+HA227 -> 6.3360667 | HB42: =HB79+HB116+HB153+HB190+HB227 -> 2.4763 | HC42: =HC79+HC116+HC153+HC190+HC227 -> 1.2348 | ... IE42: =IE79+IE116+IE153+IE190+IE227 -> 4.988
C43: QUẢN TRỊ CHUNG | D43: =D44+D54+D62+D66+D72+D77 -> 536.27722 | E43: =E44+E54+E62+E66+E72+E77 -> 2670.9845 | F43: =F44+F54+F62+F66+F72+F77 -> 274.78276 | G43: =G44+G54+G62+G66+G72+G77 -> 212.18439 | H43: =H44+H54+H62+H66+H72+H77 -> 241.72633 | I43: =SUM(F43:H43) -> 728.69348 | J43: =J44+J54+J62+J66+J72+J77 -> 191.62722 | K43: =K44+K54+K62+K66+K72+K77 -> 195.50289 | L43: =L44+L54+L62+L66+L72+L77 -> 184.9615 | M43: =SUM(J43:L43) -> 572.09161 | N43: =N44+N54+N62+N66+N72+N77 -> 200.6295 | O43: =O44+O54+O62+O66+O72+O77 -> 193.68771 | P43: =P44+P54+P62+P66+P72+P77 -> 162.45519 | Q43: =SUM(N43:P43) -> 556.7724 | R43: =R44+R54+R62+R66+R72+R77 -> 149.2307 | S43: =S44+S54+S62+S66+S72+S77 -> 125.01469 | T43: =T44+T54+T62+T66+T72+T77 -> 133.28688 | U43: =SUM(R43:T43) -> 407.53227 | V43: =I43+M43+Q43+U43 -> 2265.0898 | W43: =W44+W54+W62+W66+W72+W77 -> 12.047318 | X43: =X44+X54+X62+X66+X72+X77 -> 8.668907 | Y43: =Y44+Y54+Y62+Y66+Y72+Y77 -> 0 | Z43: =SUM(W43:Y43) -> 20.716225 | AA43: =AA44+AA54+AA62+AA66+AA72+AA77 -> 0 | AB43: =AB44+AB54+AB62+AB66+AB72+AB77 -> 0 | AC43: =AC44+AC54+AC62+AC66+AC72+AC77 -> 0 | AD43: =AD44+AD54+AD62+AD66+AD72+AD77 -> 0 | AE43: =AE44+AE54+AE62+AE66+AE72+AE77 -> 0 | AF43: =AF44+AF54+AF62+AF66+AF72+AF77 -> 0 | AG43: =AG44+AG54+AG62+AG66+AG72+AG77 -> 0 | AH43: =AH44+AH54+AH62+AH66+AH72+AH77 -> 0 | ... AL43: =AL44+AL54+AL62+AL66+AL72+AL77 -> 0 | AM43: =Z43+AD43+AH43+AL43 -> 20.716225 | AQ43: QUẢN TRỊ CHUNG | AR43: =+AR44+AR54+AR62+AR66+AR72+AR77 -> 203.51751 | AS43: =+AS44+AS54+AS62+AS66+AS72+AS77 -> 791.57409 | AT43: =+AT44+AT54+AT62+AT66+AT72+AT77 -> 72.790041 | AU43: =+AU44+AU54+AU62+AU66+AU72+AU77 -> 76.758275 | AV43: =+AV44+AV54+AV62+AV66+AV72+AV77 -> 104.77381 | AW43: =+AW44+AW54+AW62+AW66+AW72+AW77 -> 254.32213 | AX43: =+AX44+AX54+AX62+AX66+AX72+AX77 -> 93.915794 | AY43: =+AY44+AY54+AY62+AY66+AY72+AY77 -> 97.030246 | ... BJ43: =+BJ44+BJ54+BJ62+BJ66+BJ72+BJ77 -> 1140.2422 | BK43: =BK44+BK54+BK62+BK66+BK72+BK77 -> 0 | BL43: =BL44+BL54+BL62+BL66+BL72+BL77 -> 0 | BM43: =BM44+BM54+BM62+BM66+BM72+BM77 -> 0 | BN43: =BN44+BN54+BN62+BN66+BN72+BN77 -> 0 | BO43: =BO44+BO54+BO62+BO66+BO72+BO77 -> 0 | BP43: =BP44+BP54+BP62+BP66+BP72+BP77 -> 0 | BQ43: =BQ44+BQ54+BQ62+BQ66+BQ72+BQ77 -> 0 | BR43: =BR44+BR54+BR62+BR66+BR72+BR77 -> 0 | ... CA43: =CA44+CA54+CA62+CA66+CA72+CA77 -> 0 | CE43: QUẢN TRỊ CHUNG | CF43: 21.33038 | CG43: 620.08566 | CH43: 48.302632 | CI43: 44.162611 | CJ43: 44.959344 | CK43: 137.42459 | CL43: 0 | CM43: 0 | CN43: 0 | CO43: 0 | CP43: 0 | CQ43: 0 | CR43: 0 | CS43: 0 | CT43: 0 | CU43: 0 | CV43: 0 | CW43: 0 | CX43: 137.42459 | DS43: QUẢN TRỊ CHUNG | DT43: =DT44+DT54+DT62+DT66+DT72+DT77 -> 98.530777 | DU43: =DU44+DU54+DU62+DU66+DU72+DU77 -> 288.94192 | DV43: =DV44+DV54+DV62+DV66+DV72+DV77 -> 57.198144 | DW43: =DW44+DW54+DW62+DW66+DW72+DW77 -> 22.525082 | DX43: =DX44+DX54+DX62+DX66+DX72+DX77 -> 27.54274 | DY43: =DY44+DY54+DY62+DY66+DY72+DY77 -> 107.26597 | DZ43: =DZ44+DZ54+DZ62+DZ66+DZ72+DZ77 -> 28.161417 | EA43: =EA44+EA54+EA62+EA66+EA72+EA77 -> 26.942672 | ... EP43: =EP44+EP54+EP62+EP66+EP72+EP77 -> 0 | FG43: QUẢN TRỊ CHUNG | FH43: =FH44+FH54+FH62+FH66+FH72+FH77 -> 125.8459 | FI43: =FI44+FI54+FI62+FI66+FI72+FI77 -> 511.01086 | FJ43: =FJ44+FJ54+FJ62+FJ66+FJ72+FJ77 -> 57.559508 | FK43: =FK44+FK54+FK62+FK66+FK72+FK77 -> 38.618322 | FL43: =FL44+FL54+FL62+FL66+FL72+FL77 -> 32.872684 | FM43: =FM44+FM54+FM62+FM66+FM72+FM77 -> 129.05051 | FN43: =FN44+FN54+FN62+FN66+FN72+FN77 -> 38.766661 | FO43: =FO44+FO54+FO62+FO66+FO72+FO77 -> 34.384019 | ... GQ43: =GQ44+GQ54+GQ62+GQ66+GQ72+GQ77 -> 0 | GU43: QUẢN TRỊ CHUNG | GV43: =GV44+GV54+GV62+GV66+GV72+GV77 -> 87.052653 | GW43: =GW44+GW54+GW62+GW66+GW72+GW77 -> 459.372 | GX43: =GX44+GX54+GX62+GX66+GX72+GX77 -> 38.932431 | GY43: =GY44+GY54+GY62+GY66+GY72+GY77 -> 30.120101 | GZ43: =GZ44+GZ54+GZ62+GZ66+GZ72+GZ77 -> 31.577749 | HA43: =HA44+HA54+HA62+HA66+HA72+HA77 -> 100.63028 | HB43: =HB44+HB54+HB62+HB66+HB72+HB77 -> 30.783344 | HC43: =HC44+HC54+HC62+HC66+HC72+HC77 -> 37.145955 | ... IE43: =IE44+IE54+IE62+IE66+IE72+IE77 -> 20.716225
A44: I | C44: Chi phí tiện ích chung | D44: =SUM(D45:D53) -> 170.6621 | E44: =SUM(E45:E53) -> 975.24353 | F44: =SUM(F45:F53) -> 71.916338 | G44: =SUM(G45:G53) -> 67.753559 | H44: =SUM(H45:H53) -> 72.079121 | I44: =SUM(F44:H44) -> 211.74902 | J44: =SUM(J45:J53) -> 59.744415 | K44: =SUM(K45:K53) -> 62.034756 | L44: =SUM(L45:L53) -> 77.124279 | M44: =SUM(J44:L44) -> 198.90345 | N44: =SUM(N45:N53) -> 84.350364 | O44: =SUM(O45:O53) -> 86.475374 | P44: =SUM(P45:P53) -> 71.245695 | Q44: =SUM(N44:P44) -> 242.07143 | R44: =SUM(R45:R53) -> 54.169315 | S44: =SUM(S45:S53) -> 34.720017 | T44: =SUM(T45:T53) -> 45.088126 | U44: =SUM(R44:T44) -> 133.97746 | V44: =I44+M44+Q44+U44 -> 786.70136 | W44: =SUM(W45:W53) -> 3.248538 | X44: =SUM(X45:X53) -> 2.307853 | Y44: =SUM(Y45:Y53) -> 0 | Z44: =SUM(W44:Y44) -> 5.556391 | AA44: =SUM(AA45:AA53) -> 0 | AB44: =SUM(AB45:AB53) -> 0 | AC44: =SUM(AC45:AC53) -> 0 | AD44: =SUM(AD45:AD53) -> 0 | AE44: =SUM(AE45:AE53) -> 0 | AF44: =SUM(AF45:AF53) -> 0 | AG44: =SUM(AG45:AG53) -> 0 | AH44: =SUM(AH45:AH53) -> 0 | ... AL44: =SUM(AL45:AL53) -> 0 | AM44: =Z44+AD44+AH44+AL44 -> 5.556391 | AO44: I | AQ44: Chi phí tiện ích chung | AR44: =SUM(AR45:AR53) -> 69.974248 | AS44: =SUM(AS45:AS53) -> 236.3517 | AT44: =SUM(AT45:AT53) -> 18.866552 | AU44: =SUM(AU45:AU53) -> 19.668192 | AV44: =SUM(AV45:AV53) -> 23.725273 | AW44: =SUM(AW45:AW53) -> 62.260018 | AX44: =SUM(AX45:AX53) -> 32.101982 | AY44: =SUM(AY45:AY53) -> 27.476944 | ... CA44: =SUM(CA45:CA53) -> 0 | CC44: I | CE44: Chi phí tiện ích chung | CF44: 9.4871097 | CG44: 304.49707 | CH44: 27.560649 | CI44: 24.782317 | CJ44: 24.170328 | CK44: 76.513293 | CL44: 0 | CM44: 0 | CN44: 0 | CO44: 0 | CP44: 0 | CQ44: 0 | CR44: 0 | CS44: 0 | CT44: 0 | CU44: 0 | CV44: 0 | CW44: 0 | CX44: 76.513293 | DQ44: I | DS44: Chi phí tiện ích chung | DT44: =SUM(DT45:DT53) -> 17.931825 | DU44: =SUM(DU45:DU53) -> 83.606663 | DV44: =SUM(DV45:DV53) -> 8.243914 | DW44: =SUM(DW45:DW53) -> 5.89144 | DX44: =SUM(DX45:DX53) -> 7.125264 | DY44: =SUM(DY45:DY53) -> 21.260618 | DZ44: =SUM(DZ45:DZ53) -> 7.473566 | EA44: =SUM(EA45:EA53) -> 7.302652 | ... EP44: =SUM(EP45:EP53) -> 0 | FE44: I | FG44: Chi phí tiện ích chung | FH44: =SUM(FH45:FH53) -> 30.450115 | FI44: =SUM(FI45:FI53) -> 139.43956 | FJ44: =SUM(FJ45:FJ53) -> 6.36797 | FK44: =SUM(FK45:FK53) -> 6.725485 | FL44: =SUM(FL45:FL53) -> 6.272555 | FM44: =SUM(FM45:FM53) -> 19.36601 | FN44: =SUM(FN45:FN53) -> 8.310627 | FO44: =SUM(FO45:FO53) -> 7.936988 | ... FW44: =SUM(FW45:FW53) -> 0.148866 | FX44: 0 | FY44: =SUM(FY45:FY53) -> 3.937164 | FZ44: =SUM(FZ45:FZ53) -> 73.858282 | GA44: =SUM(GA45:GA53) -> 0 | GB44: =SUM(GB45:GB53) -> 0 | GC44: =SUM(GC45:GC53) -> 0 | GD44: =SUM(GD45:GD53) -> 0 | GE44: =SUM(GE45:GE53) -> 0 | GF44: =SUM(GF45:GF53) -> 0 | ... GQ44: =SUM(GQ45:GQ53) -> 0 | GS44: I | GU44: Chi phí tiện ích chung | GV44: =SUM(GV45:GV53) -> 42.818807 | GW44: =SUM(GW45:GW53) -> 211.34852 | GX44: =SUM(GX45:GX53) -> 10.877253 | GY44: =SUM(GY45:GY53) -> 10.686125 | GZ44: =SUM(GZ45:GZ53) -> 10.785701 | HA44: =SUM(HA45:HA53) -> 32.349079 | HB44: =SUM(HB45:HB53) -> 11.85824 | HC44: =SUM(HC45:HC53) -> 19.318172 | ... IE44: =SUM(IE45:IE53) -> 5.556391
A45: 1 | B45: CP03-01 | C45: Điện | D45: =AR45+'1.Danh muc CPHC'!CF45+DT45+FH45+GV45 -> 50.55251 | E45: =AS45+'1.Danh muc CPHC'!CG45+DU45+FI45+GW45 -> 489.93383 | F45: =AT45+'1.Danh muc CPHC'!CH45+DV45+FJ45+GX45 -> 35.788417 | G45: =AU45+'1.Danh muc CPHC'!CI45+DW45+FK45+GY45 -> 28.950572 | H45: =AV45+'1.Danh muc CPHC'!CJ45+DX45+FL45+GZ45 -> 28.615279 | I45: =SUM(F45:H45) -> 93.354268 | J45: =AX45+CL45+DZ45+FN45+HB45 -> 13.893777 | K45: =AY45+CM45+EA45+FO45+HC45 -> 20.31617 | L45: =AZ45+CN45+EB45+FP45+HD45 -> 35.299966 | M45: =SUM(J45:L45) -> 69.509913 | N45: =BB45+CP45+ED45+FR45+HF45 -> 41.264925 | O45: =BC45+CQ45+EE45+FS45+HG45 -> 39.350776 | P45: =BD45+CR45+EF45+FT45+HH45 -> 29.055838 | Q45: =SUM(N45:P45) -> 109.67154 | R45: =BF45+CT45+EH45+FV45+HJ45 -> 21.988651 | S45: =BG45+CU45+EI45+FW45+HK45 -> 10.965106 | T45: =BH45+CV45+EJ45+FX45+HL45 -> 13.035428 | U45: =SUM(R45:T45) -> 45.989185 | V45: =I45+M45+Q45+U45 -> 318.5249 | W45: =BK45+CY45+EM45+GA45+HO45 -> 0.891535 | X45: =BL45+DM45+EN45+GB45+HP45 -> 0.87584 | Y45: =BM45+DN45+EO45+GC45+HQ45 -> 0 | Z45: =SUM(W45:Y45) -> 1.767375 | AA45: =BO45+DC45+EQ45+GE45+HS45 -> 0 | AB45: =BP45+DD45+ER45+GF45+HT45 -> 0 | AC45: =BQ45+DE45+ES45+GG45+HU45 -> 0 | AD45: =BR45+DF45+ET45+GH45+HV45 -> 0 | AE45: =BS45+DG45+EU45+GI45+HW45 -> 0 | AF45: =BT45+DH45+EV45+GJ45+HX45 -> 0 | AG45: =BU45+DI45+EW45+GK45+HY45 -> 0 | AH45: =BV45+DJ45+EX45+GL45+HZ45 -> 0 | ... AL45: =BZ45+DN45+FB45+GP45+ID45 -> 0 | AM45: =Z45+AD45+AH45+AL45 -> 1.767375 | AO45: 1 | AP45: CP03-01 | AQ45: Điện | AR45: 3.558418 | AS45: 44.064141 | AT45: 2.4 | AU45: 0.744318 | AV45: 0.41639 | AW45: =SUM(AT45:AV45) -> 3.560708 | AX45: 1.750016 | AY45: 0.653693 | AZ45: 23.773378 | BA45: =SUM(AX45:AZ45) -> 26.177087 | BB45: 31.294754 | BC45: 28.513451 | BD45: 18.755778 | BE45: =SUM(BB45:BD45) -> 78.563983 | BF45: 14.952086 | BG45: 10.07133 | BH45: 12.043 | BI45: =SUM(BF45:BH45) -> 37.066416 | BJ45: =+AW45+BA45+BE45+BI45 -> 145.36819 | BN45: =SUM(BK45:BM45) -> 0 | BR45: =SUM(BO45:BQ45) -> 0 | BV45: =SUM(BS45:BU45) -> 0 | BZ45: =SUM(BW45:BY45) -> 0 | CA45: =+BN45+BR45+BV45+BZ45 -> 0 | CC45: 1 | CD45: CP03-01 | CE45: Điện | CF45: 2.107573 | CG45: 238.38355 | CH45: 22.466572 | CI45: 19.251851 | CJ45: 17.969248 | CK45: 59.687671 | CO45: 0 | CS45: 0 | CW45: 0 | CX45: 59.687671 | DQ45: 1 | DR45: CP03-01 | DS45: Điện | DT45: 11.005146 | DU45: 44.675761 | DV45: 3.590592 | DW45: 3.194926 | DX45: 3.250499 | DY45: =SUM(DV45:DX45) -> 10.036017 | DZ45: 3.727207 | EA45: 2.547849 | EB45: 3.321989 | EC45: =SUM(DZ45:EB45) -> 9.597045 | ED45: 1.88175 | EE45: 2.334929 | EF45: 1.961071 | EG45: =SUM(ED45:EF45) -> 6.17775 | EH45: 0.783398 | EI45: 0 | EJ45: 0 | EK45: =SUM(EH45:EJ45) -> 0.783398 | EL45: =+DY45+EC45+EG45+EK45 -> 26.59421 | EP45: =SUM(EM45:EO45) -> 0 | FE45: 1 | FF45: CP03-01 | FG45: Điện | FH45: 11.986102 | FI45: 49.653605 | FJ45: 3.045325 | FK45: 2.25691 | FL45: 3.326789 | FM45: =SUM(FJ45:FL45) -> 8.629024 | FN45: 3.727538 | FO45: 4.028627 | FP45: 3.962025 | FQ45: =SUM(FN45:FP45) -> 11.71819 | FR45: 3.7242 | FS45: 4.18817 | FT45: 3.881494 | FU45: =SUM(FR45:FT45) -> 11.793864 | FV45: 3.151894 | FW45: 0 | FX45: 0 | FY45: =SUM(FV45:FX45) -> 3.151894 | FZ45: =+FM45+FQ45+FU45+FY45 -> 35.292972 | GD45: =SUM(GA45:GC45) -> 0 | GH45: =SUM(GE45:GG45) -> 0 | GL45: =SUM(GI45:GK45) -> 0 | GP45: =SUM(GM45:GO45) -> 0 | GQ45: =+GD45+GH45+GL45+GP45 -> 0 | GS45: 1 | GT45: CP03-01 | GU45: Điện | GV45: 21.895271 | GW45: 113.15678 | GX45: 4.285928 | GY45: 3.502567 | GZ45: 3.652353 | HA45: =SUM(GX45:GZ45) -> 11.440848 | HB45: 4.689016 | HC45: 13.086001 | HD45: 4.242574 | HE45: =SUM(HB45:HD45) -> 22.017591 | HF45: 4.364221 | HG45: 4.314226 | HH45: 4.457495 | HI45: =SUM(HF45:HH45) -> 13.135942 | HJ45: 3.101273 | HK45: 0.893776 | HL45: 0.992428 | HM45: =SUM(HJ45:HL45) -> 4.987477 | HN45: =HA45+HE45+HI45+HM45 -> 51.581858 | HO45: 0.891535 | HP45: 0.87584 | HR45: =SUM(HO45:HQ45) -> 1.767375 | HV45: =SUM(HS45:HU45) -> 0 | HZ45: =SUM(HW45:HY45) -> 0 | ID45: =SUM(IA45:IC45) -> 0 | IE45: =HR45+HV45+HZ45+ID45 -> 1.767375
A46: 2 | B46: CP03-02 | C46: Điện thoại bàn | D46: =AR46+'1.Danh muc CPHC'!CF46+DT46+FH46+GV46 -> 0 | E46: =AS46+'1.Danh muc CPHC'!CG46+DU46+FI46+GW46 -> 0.26679934 | F46: =AT46+'1.Danh muc CPHC'!CH46+DV46+FJ46+GX46 -> 0.13580324 | G46: =AU46+'1.Danh muc CPHC'!CI46+DW46+FK46+GY46 -> 0.07823712 | H46: =AV46+'1.Danh muc CPHC'!CJ46+DX46+FL46+GZ46 -> 0.08598456 | I46: =SUM(F46:H46) -> 0.30002492 | J46: =AX46+CL46+DZ46+FN46+HB46 -> 0 | K46: =AY46+CM46+EA46+FO46+HC46 -> 0 | L46: =AZ46+CN46+EB46+FP46+HD46 -> 0 | M46: =SUM(J46:L46) -> 0 | N46: =BB46+CP46+ED46+FR46+HF46 -> 0 | O46: =BC46+CQ46+EE46+FS46+HG46 -> 0.02 | P46: =BD46+CR46+EF46+FT46+HH46 -> 0 | Q46: =SUM(N46:P46) -> 0.02 | R46: =BF46+CT46+EH46+FV46+HJ46 -> 0.04 | S46: =BG46+CU46+EI46+FW46+HK46 -> 0 | T46: =BH46+CV46+EJ46+FX46+HL46 -> 0 | U46: =SUM(R46:T46) -> 0.04 | V46: =I46+M46+Q46+U46 -> 0.36002492 | W46: =BK46+CY46+EM46+GA46+HO46 -> 0 | X46: =BL46+DM46+EN46+GB46+HP46 -> 0 | Y46: =BM46+DN46+EO46+GC46+HQ46 -> 0 | Z46: =SUM(W46:Y46) -> 0 | AA46: =BO46+DC46+EQ46+GE46+HS46 -> 0 | AB46: =BP46+DD46+ER46+GF46+HT46 -> 0 | AC46: =BQ46+DE46+ES46+GG46+HU46 -> 0 | AD46: =BR46+DF46+ET46+GH46+HV46 -> 0 | AE46: =BS46+DG46+EU46+GI46+HW46 -> 0 | AF46: =BT46+DH46+EV46+GJ46+HX46 -> 0 | AG46: =BU46+DI46+EW46+GK46+HY46 -> 0 | AH46: =BV46+DJ46+EX46+GL46+HZ46 -> 0 | ... AL46: =BZ46+DN46+FB46+GP46+ID46 -> 0 | AM46: =Z46+AD46+AH46+AL46 -> 0 | AO46: 2 | AP46: CP03-02 | AQ46: Điện thoại bàn | AR46: 0 | AS46: 0 | AT46: 0 | AU46: 0 | AV46: 0 | AW46: =SUM(AT46:AV46) -> 0 | AX46: 0 | AY46: 0 | AZ46: 0 | BA46: =SUM(AX46:AZ46) -> 0 | BB46: 0 | BC46: 0.02 | BD46: 0 | BE46: =SUM(BB46:BD46) -> 0.02 | BF46: 0.02 | BG46: 0 | BH46: 0 | BI46: =SUM(BF46:BH46) -> 0.02 | BJ46: =+AW46+BA46+BE46+BI46 -> 0.04 | BN46: =SUM(BK46:BM46) -> 0 | BR46: =SUM(BO46:BQ46) -> 0 | BV46: =SUM(BS46:BU46) -> 0 | BZ46: =SUM(BW46:BY46) -> 0 | CA46: =+BN46+BR46+BV46+BZ46 -> 0 | CC46: 2 | CD46: CP03-02 | CE46: Điện thoại bàn | CF46: 0 | CG46: 0.19714234 | CH46: 0.13580324 | CI46: 0.07823712 | CJ46: 0.08598456 | CK46: 0.30002492 | CO46: 0 | CS46: 0 | CW46: 0 | CX46: 0.30002492 | DQ46: 2 | DR46: CP03-02 | DS46: Điện thoại bàn | DT46: 0 | DU46: 0 | DV46: 0 | DW46: 0 | DX46: 0 | DY46: =SUM(DV46:DX46) -> 0 | DZ46: 0 | EA46: 0 | EB46: 0 | EC46: =SUM(DZ46:EB46) -> 0 | ED46: 0 | EE46: 0 | EF46: 0 | EG46: =SUM(ED46:EF46) -> 0 | EH46: 0 | EI46: 0 | EJ46: 0 | EK46: =SUM(EH46:EJ46) -> 0 | EL46: =+DY46+EC46+EG46+EK46 -> 0 | EP46: =SUM(EM46:EO46) -> 0 | FE46: 2 | FF46: CP03-02 | FG46: Điện thoại bàn | FH46: 0 | FI46: 0 | FJ46: 0 | FK46: 0 | FL46: 0 | FM46: =SUM(FJ46:FL46) -> 0 | FN46: 0 | FO46: 0 | FP46: 0 | FQ46: =SUM(FN46:FP46) -> 0 | FR46: 0 | FS46: 0 | FT46: 0 | FU46: =SUM(FR46:FT46) -> 0 | FV46: 0.02 | FW46: 0 | FX46: 0 | FY46: =SUM(FV46:FX46) -> 0.02 | FZ46: =+FM46+FQ46+FU46+FY46 -> 0.02 | GD46: =SUM(GA46:GC46) -> 0 | GH46: =SUM(GE46:GG46) -> 0 | GL46: =SUM(GI46:GK46) -> 0 | GP46: =SUM(GM46:GO46) -> 0 | GQ46: =+GD46+GH46+GL46+GP46 -> 0 | GS46: 2 | GT46: CP03-02 | GU46: Điện thoại bàn | GV46: 0 | GW46: 0.069657 | GX46: 0 | GY46: 0 | GZ46: 0 | HA46: =SUM(GX46:GZ46) -> 0 | HB46: 0 | HC46: 0 | HD46: 0 | HE46: =SUM(HB46:HD46) -> 0 | HF46: 0 | HG46: 0 | HH46: 0 | HI46: =SUM(HF46:HH46) -> 0 | HJ46: 0 | HK46: 0 | HL46: 0 | HM46: =SUM(HJ46:HL46) -> 0 | HN46: =HA46+HE46+HI46+HM46 -> 0 | HO46: 0 | HP46: 0 | HR46: =SUM(HO46:HQ46) -> 0 | HV46: =SUM(HS46:HU46) -> 0 | HZ46: =SUM(HW46:HY46) -> 0 | ID46: =SUM(IA46:IC46) -> 0 | IE46: =HR46+HV46+HZ46+ID46 -> 0
A47: 3 | B47: CP03-03 | C47: Điện thoại di động | D47: =AR47+'1.Danh muc CPHC'!CF47+DT47+FH47+GV47 -> 13.060641 | E47: =AS47+'1.Danh muc CPHC'!CG47+DU47+FI47+GW47 -> 65.977172 | F47: =AT47+'1.Danh muc CPHC'!CH47+DV47+FJ47+GX47 -> 7.1834851 | G47: =AU47+'1.Danh muc CPHC'!CI47+DW47+FK47+GY47 -> 5.8401886 | H47: =AV47+'1.Danh muc CPHC'!CJ47+DX47+FL47+GZ47 -> 4.7704046 | I47: =SUM(F47:H47) -> 17.794078 | J47: =AX47+CL47+DZ47+FN47+HB47 -> 5.029365 | K47: =AY47+CM47+EA47+FO47+HC47 -> 4.49031 | L47: =AZ47+CN47+EB47+FP47+HD47 -> 4.527479 | M47: =SUM(J47:L47) -> 14.047154 | N47: =BB47+CP47+ED47+FR47+HF47 -> 4.843857 | O47: =BC47+CQ47+EE47+FS47+HG47 -> 7.956288 | P47: =BD47+CR47+EF47+FT47+HH47 -> 5.474492 | Q47: =SUM(N47:P47) -> 18.274637 | R47: =BF47+CT47+EH47+FV47+HJ47 -> 2.090409 | S47: =BG47+CU47+EI47+FW47+HK47 -> 1.405367 | T47: =BH47+CV47+EJ47+FX47+HL47 -> 0.51218 | U47: =SUM(R47:T47) -> 4.007956 | V47: =I47+M47+Q47+U47 -> 54.123825 | W47: =BK47+CY47+EM47+GA47+HO47 -> 0.16567 | X47: =BL47+DM47+EN47+GB47+HP47 -> 0.306235 | Y47: =BM47+DN47+EO47+GC47+HQ47 -> 0 | Z47: =SUM(W47:Y47) -> 0.471905 | AA47: =BO47+DC47+EQ47+GE47+HS47 -> 0 | AB47: =BP47+DD47+ER47+GF47+HT47 -> 0 | AC47: =BQ47+DE47+ES47+GG47+HU47 -> 0 | AD47: =BR47+DF47+ET47+GH47+HV47 -> 0 | AE47: =BS47+DG47+EU47+GI47+HW47 -> 0 | AF47: =BT47+DH47+EV47+GJ47+HX47 -> 0 | AG47: =BU47+DI47+EW47+GK47+HY47 -> 0 | AH47: =BV47+DJ47+EX47+GL47+HZ47 -> 0 | ... AL47: =BZ47+DN47+FB47+GP47+ID47 -> 0 | AM47: =Z47+AD47+AH47+AL47 -> 0.471905 | AO47: 3 | AP47: CP03-03 | AQ47: Điện thoại di động | AR47: 6.309063 | AS47: 22.14042 | AT47: 2.2339395 | AU47: 3.0919428 | AV47: 1.8958752 | AW47: =SUM(AT47:AV47) -> 7.2217575 | AX47: 2.551272 | AY47: 2.379461 | AZ47: 2.577999 | BA47: =SUM(AX47:AZ47) -> 7.508732 | BB47: 2.486162 | BC47: 5.259364 | BD47: 2.975049 | BE47: =SUM(BB47:BD47) -> 10.720575 | BF47: 1.644645 | BG47: 1.155415 | BH47: 0.411094 | BI47: =SUM(BF47:BH47) -> 3.211154 | BJ47: =+AW47+BA47+BE47+BI47 -> 28.662219 | BN47: =SUM(BK47:BM47) -> 0 | BR47: =SUM(BO47:BQ47) -> 0 | BV47: =SUM(BS47:BU47) -> 0 | BZ47: =SUM(BW47:BY47) -> 0 | CA47: =+BN47+BR47+BV47+BZ47 -> 0 | CC47: 3 | CD47: CP03-03 | CE47: Điện thoại di động | CF47: 0.701007 | CG47: 15.095593 | CH47: 1.0467556 | CI47: 1.1427608 | CJ47: 1.0132514 | CK47: 3.2027678 | CO47: 0 | CS47: 0 | CW47: 0 | CX47: 3.2027678 | DQ47: 3 | DR47: CP03-03 | DS47: Điện thoại di động | DT47: 0.939382 | DU47: 4.147357 | DV47: 2.013574 | DW47: 0.219068 | DX47: 0.644932 | DY47: =SUM(DV47:DX47) -> 2.877574 | DZ47: 0.753502 | EA47: 0.759722 | EB47: 0.671519 | EC47: =SUM(DZ47:EB47) -> 2.184743 | ED47: 0.618521 | EE47: 0.6109 | EF47: 0.614289 | EG47: =SUM(ED47:EF47) -> 1.84371 | EH47: 0.101086 | EI47: 0.101086 | EJ47: 0.101086 | EK47: =SUM(EH47:EJ47) -> 0.303258 | EL47: =+DY47+EC47+EG47+EK47 -> 7.209285 | EP47: =SUM(EM47:EO47) -> 0 | FE47: 3 | FF47: CP03-03 | FG47: Điện thoại di động | FH47: 2.344125 | FI47: 12.062418 | FJ47: 0.779477 | FK47: 0.761346 | FL47: 0.621203 | FM47: =SUM(FJ47:FL47) -> 2.162026 | FN47: 0.935141 | FO47: 0.921584 | FP47: 0.767661 | FQ47: =SUM(FN47:FP47) -> 2.624386 | FR47: 1.250766 | FS47: 1.616457 | FT47: 1.348587 | FU47: =SUM(FR47:FT47) -> 4.21581 | FV47: 0.143114 | FW47: 0.148866 | FX47: 0 | FY47: =SUM(FV47:FX47) -> 0.29198 | FZ47: =+FM47+FQ47+FU47+FY47 -> 9.294202 | GD47: =SUM(GA47:GC47) -> 0 | GH47: =SUM(GE47:GG47) -> 0 | GL47: =SUM(GI47:GK47) -> 0 | GP47: =SUM(GM47:GO47) -> 0 | GQ47: =+GD47+GH47+GL47+GP47 -> 0 | GS47: 3 | GT47: CP03-03 | GU47: Điện thoại di động | GV47: 2.767064 | GW47: 12.531384 | GX47: 1.109739 | GY47: 0.625071 | GZ47: 0.595143 | HA47: =SUM(GX47:GZ47) -> 2.329953 | HB47: 0.78945 | HC47: 0.429543 | HD47: 0.5103 | HE47: =SUM(HB47:HD47) -> 1.729293 | HF47: 0.488408 | HG47: 0.469567 | HH47: 0.536567 | HI47: =SUM(HF47:HH47) -> 1.494542 | HJ47: 0.201564 | HK47: 0 | HL47: 0 | HM47: =SUM(HJ47:HL47) -> 0.201564 | HN47: =HA47+HE47+HI47+HM47 -> 5.755352 | HO47: 0.16567 | HP47: 0.306235 | HR47: =SUM(HO47:HQ47) -> 0.471905 | HV47: =SUM(HS47:HU47) -> 0 | HZ47: =SUM(HW47:HY47) -> 0 | ID47: =SUM(IA47:IC47) -> 0 | IE47: =HR47+HV47+HZ47+ID47 -> 0.471905
A48: 4 | B48: CP03-04 | C48: Internet | D48: =AR48+'1.Danh muc CPHC'!CF48+DT48+FH48+GV48 -> 12.726371 | E48: =AS48+'1.Danh muc CPHC'!CG48+DU48+FI48+GW48 -> 43.148329 | F48: =AT48+'1.Danh muc CPHC'!CH48+DV48+FJ48+GX48 -> 4.3109692 | G48: =AU48+'1.Danh muc CPHC'!CI48+DW48+FK48+GY48 -> 4.2600442 | H48: =AV48+'1.Danh muc CPHC'!CJ48+DX48+FL48+GZ48 -> 4.3772428 | I48: =SUM(F48:H48) -> 12.948256 | J48: =AX48+CL48+DZ48+FN48+HB48 -> 6.210195 | K48: =AY48+CM48+EA48+FO48+HC48 -> 6.186172 | L48: =AZ48+CN48+EB48+FP48+HD48 -> 4.455528 | M48: =SUM(J48:L48) -> 16.851895 | N48: =BB48+CP48+ED48+FR48+HF48 -> 4.586617 | O48: =BC48+CQ48+EE48+FS48+HG48 -> 7.468072 | P48: =BD48+CR48+EF48+FT48+HH48 -> 6.716236 | Q48: =SUM(N48:P48) -> 18.770925 | R48: =BF48+CT48+EH48+FV48+HJ48 -> 7.773527 | S48: =BG48+CU48+EI48+FW48+HK48 -> 3.672727 | T48: =BH48+CV48+EJ48+FX48+HL48 -> 3.672727 | U48: =SUM(R48:T48) -> 15.118981 | V48: =I48+M48+Q48+U48 -> 63.690057 | W48: =BK48+CY48+EM48+GA48+HO48 -> 0.12 | X48: =BL48+DM48+EN48+GB48+HP48 -> 0.175 | Y48: =BM48+DN48+EO48+GC48+HQ48 -> 0 | Z48: =SUM(W48:Y48) -> 0.295 | AA48: =BO48+DC48+EQ48+GE48+HS48 -> 0 | AB48: =BP48+DD48+ER48+GF48+HT48 -> 0 | AC48: =BQ48+DE48+ES48+GG48+HU48 -> 0 | AD48: =BR48+DF48+ET48+GH48+HV48 -> 0 | AE48: =BS48+DG48+EU48+GI48+HW48 -> 0 | AF48: =BT48+DH48+EV48+GJ48+HX48 -> 0 | AG48: =BU48+DI48+EW48+GK48+HY48 -> 0 | AH48: =BV48+DJ48+EX48+GL48+HZ48 -> 0 | ... AL48: =BZ48+DN48+FB48+GP48+ID48 -> 0 | AM48: =Z48+AD48+AH48+AL48 -> 0.295 | AO48: 4 | AP48: CP03-04 | AQ48: Internet | AR48: 9.3868623 | AS48: 28.34919 | AT48: 2.5138629 | AU48: 2.2668984 | AV48: 2.2602267 | AW48: =SUM(AT48:AV48) -> 7.040988 | AX48: 4.760454 | AY48: 3.597308 | AZ48: 2.234091 | BA48: =SUM(AX48:AZ48) -> 10.591853 | BB48: 2.370454 | BC48: 5.251909 | BD48: 4.500073 | BE48: =SUM(BB48:BD48) -> 12.122436 | BF48: 6.167818 | BG48: 3.552727 | BH48: 3.552727 | BI48: =SUM(BF48:BH48) -> 13.273272 | BJ48: =+AW48+BA48+BE48+BI48 -> 43.028549 | BN48: =SUM(BK48:BM48) -> 0 | BR48: =SUM(BO48:BQ48) -> 0 | BV48: =SUM(BS48:BU48) -> 0 | BZ48: =SUM(BW48:BY48) -> 0 | CA48: =+BN48+BR48+BV48+BZ48 -> 0 | CC48: 4 | CD48: CP03-04 | CE48: Internet | CF48: 1.0429847 | CG48: 4.8 | CH48: 0.70433626 | CI48: 0.80850876 | CJ48: 1.0045181 | CK48: 2.5173632 | CO48: 0 | CS48: 0 | CW48: 0 | CX48: 2.5173632 | DQ48: 4 | DR48: CP03-04 | DS48: Internet | DT48: 0.601638 | DU48: 2.406552 | DV48: 0.628133 | DW48: 0.6 | DX48: 0.527861 | DY48: =SUM(DV48:DX48) -> 1.755994 | DZ48: 0.865104 | EA48: 1.032409 | EB48: 0.664982 | EC48: =SUM(DZ48:EB48) -> 2.562495 | ED48: 0.659708 | EE48: 0.659708 | EF48: 0.659708 | EG48: =SUM(ED48:EF48) -> 1.979124 | EH48: 0.159708 | EI48: 0 | EJ48: 0 | EK48: =SUM(EH48:EJ48) -> 0.159708 | EL48: =+DY48+EC48+EG48+EK48 -> 6.457321 | EP48: =SUM(EM48:EO48) -> 0 | FE48: 4 | FF48: CP03-04 | FG48: Internet | FH48: 1.062546 | FI48: 4.032546 | FJ48: 0.354182 | FK48: 0.354182 | FL48: 0.354182 | FM48: =SUM(FJ48:FL48) -> 1.062546 | FN48: 0.354182 | FO48: 0.354182 | FP48: 0.354182 | FQ48: =SUM(FN48:FP48) -> 1.062546 | FR48: 0.354182 | FS48: 0.354182 | FT48: 0.354182 | FU48: =SUM(FR48:FT48) -> 1.062546 | FV48: 0.354182 | FW48: 0 | FX48: 0 | FY48: =SUM(FV48:FX48) -> 0.354182 | FZ48: =+FM48+FQ48+FU48+FY48 -> 3.54182 | GD48: =SUM(GA48:GC48) -> 0 | GH48: =SUM(GE48:GG48) -> 0 | GL48: =SUM(GI48:GK48) -> 0 | GP48: =SUM(GM48:GO48) -> 0 | GQ48: =+GD48+GH48+GL48+GP48 -> 0 | GS48: 4 | GT48: CP03-04 | GU48: Internet | GV48: 0.63234 | GW48: 3.560041 | GX48: 0.110455 | GY48: 0.230455 | GZ48: 0.230455 | HA48: =SUM(GX48:GZ48) -> 0.571365 | HB48: 0.230455 | HC48: 1.202273 | HD48: 1.202273 | HE48: =SUM(HB48:HD48) -> 2.635001 | HF48: 1.202273 | HG48: 1.202273 | HH48: 1.202273 | HI48: =SUM(HF48:HH48) -> 3.606819 | HJ48: 1.091819 | HK48: 0.12 | HL48: 0.12 | HM48: =SUM(HJ48:HL48) -> 1.331819 | HN48: =HA48+HE48+HI48+HM48 -> 8.145004 | HO48: 0.12 | HP48: 0.175 | HR48: =SUM(HO48:HQ48) -> 0.295 | HV48: =SUM(HS48:HU48) -> 0 | HZ48: =SUM(HW48:HY48) -> 0 | ID48: =SUM(IA48:IC48) -> 0 | IE48: =HR48+HV48+HZ48+ID48 -> 0.295
A49: 5 | B49: CP03-05 | C49: Nước sinh hoạt | D49: =AR49+'1.Danh muc CPHC'!CF49+DT49+FH49+GV49 -> 8.436255 | E49: =AS49+'1.Danh muc CPHC'!CG49+DU49+FI49+GW49 -> 23.16609 | F49: =AT49+'1.Danh muc CPHC'!CH49+DV49+FJ49+GX49 -> 3.0846948 | G49: =AU49+'1.Danh muc CPHC'!CI49+DW49+FK49+GY49 -> 4.7043317 | H49: =AV49+'1.Danh muc CPHC'!CJ49+DX49+FL49+GZ49 -> 3.8211698 | I49: =SUM(F49:H49) -> 11.610196 | J49: =AX49+CL49+DZ49+FN49+HB49 -> 3.555759 | K49: =AY49+CM49+EA49+FO49+HC49 -> 2.785815 | L49: =AZ49+CN49+EB49+FP49+HD49 -> 2.577048 | M49: =SUM(J49:L49) -> 8.918622 | N49: =BB49+CP49+ED49+FR49+HF49 -> 2.114614 | O49: =BC49+CQ49+EE49+FS49+HG49 -> 1.882629 | P49: =BD49+CR49+EF49+FT49+HH49 -> 2.057575 | Q49: =SUM(N49:P49) -> 6.054818 | R49: =BF49+CT49+EH49+FV49+HJ49 -> 0.377493 | S49: =BG49+CU49+EI49+FW49+HK49 -> 0.339977 | T49: =BH49+CV49+EJ49+FX49+HL49 -> 0.24864 | U49: =SUM(R49:T49) -> 0.96611 | V49: =I49+M49+Q49+U49 -> 27.549746 | W49: =BK49+CY49+EM49+GA49+HO49 -> 0 | X49: =BL49+DM49+EN49+GB49+HP49 -> 0 | Y49: =BM49+DN49+EO49+GC49+HQ49 -> 0 | Z49: =SUM(W49:Y49) -> 0 | AA49: =BO49+DC49+EQ49+GE49+HS49 -> 0 | AB49: =BP49+DD49+ER49+GF49+HT49 -> 0 | AC49: =BQ49+DE49+ES49+GG49+HU49 -> 0 | AD49: =BR49+DF49+ET49+GH49+HV49 -> 0 | AE49: =BS49+DG49+EU49+GI49+HW49 -> 0 | AF49: =BT49+DH49+EV49+GJ49+HX49 -> 0 | AG49: =BU49+DI49+EW49+GK49+HY49 -> 0 | AH49: =BV49+DJ49+EX49+GL49+HZ49 -> 0 | ... AL49: =BZ49+DN49+FB49+GP49+ID49 -> 0 | AM49: =Z49+AD49+AH49+AL49 -> 0 | AO49: 5 | AP49: CP03-05 | AQ49: Nước sinh hoạt | AR49: 6.2805978 | AS49: 10.584537 | AT49: 1.5411879 | AU49: 2.4315984 | AV49: 1.996479 | AW49: =SUM(AT49:AV49) -> 5.9692653 | AX49: 3.002004 | AY49: 1.984188 | AZ49: 1.538637 | BA49: =SUM(AX49:AZ49) -> 6.524829 | BB49: 1.768952 | BC49: 1.507346 | BD49: 1.792492 | BE49: =SUM(BB49:BD49) -> 5.06879 | BF49: 0.299383 | BG49: 0.339977 | BH49: 0.24864 | BI49: =SUM(BF49:BH49) -> 0.888 | BJ49: =+AW49+BA49+BE49+BI49 -> 18.450884 | BN49: =SUM(BK49:BM49) -> 0 | BR49: =SUM(BO49:BQ49) -> 0 | BV49: =SUM(BS49:BU49) -> 0 | BZ49: =SUM(BW49:BY49) -> 0 | CA49: =+BN49+BR49+BV49+BZ49 -> 0 | CC49: 5 | CD49: CP03-05 | CE49: Nước sinh hoạt | CF49: 0.6978442 | CG49: 3.2789655 | CH49: 0.96829486 | CI49: 1.5909803 | CJ49: 1.3639848 | CK49: 3.92326 | CO49: 0 | CS49: 0 | CW49: 0 | CX49: 3.92326 | DQ49: 5 | DR49: CP03-05 | DS49: Nước sinh hoạt | DT49: 0.432341 | DU49: 2.054268 | DV49: 0.226338 | DW49: 0.177259 | DX49: 0.105029 | DY49: =SUM(DV49:DX49) -> 0.508626 | DZ49: 0.141172 | EA49: 0.544931 | EB49: 0.738615 | EC49: =SUM(DZ49:EB49) -> 1.424718 | ED49: 0.109086 | EE49: 0.122315 | EF49: 0.114943 | EG49: =SUM(ED49:EF49) -> 0.346344 | EH49: 0.07811 | EI49: 0 | EJ49: 0 | EK49: =SUM(EH49:EJ49) -> 0.07811 | EL49: =+DY49+EC49+EG49+EK49 -> 2.357798 | EP49: =SUM(EM49:EO49) -> 0 | FE49: 5 | FF49: CP03-05 | FG49: Nước sinh hoạt | FH49: 0 | FI49: 0.07559 | FJ49: 0 | FK49: 0.095652 | FL49: 0 | FM49: =SUM(FJ49:FL49) -> 0.095652 | FN49: 0.133913 | FO49: 0 | FP49: 0 | FQ49: =SUM(FN49:FP49) -> 0.133913 | FR49: 0 | FS49: 0 | FT49: 0 | FU49: =SUM(FR49:FT49) -> 0 | FV49: 0 | FW49: 0 | FX49: 0 | FY49: =SUM(FV49:FX49) -> 0 | FZ49: =+FM49+FQ49+FU49+FY49 -> 0.229565 | GD49: =SUM(GA49:GC49) -> 0 | GH49: =SUM(GE49:GG49) -> 0 | GL49: =SUM(GI49:GK49) -> 0 | GP49: =SUM(GM49:GO49) -> 0 | GQ49: =+GD49+GH49+GL49+GP49 -> 0 | GS49: 5 | GT49: CP03-05 | GU49: Nước sinh hoạt | GV49: 1.025472 | GW49: 7.172729 | GX49: 0.348874 | GY49: 0.408842 | GZ49: 0.355677 | HA49: =SUM(GX49:GZ49) -> 1.113393 | HB49: 0.27867 | HC49: 0.256696 | HD49: 0.299796 | HE49: =SUM(HB49:HD49) -> 0.835162 | HF49: 0.236576 | HG49: 0.252968 | HH49: 0.15014 | HI49: =SUM(HF49:HH49) -> 0.639684 | HJ49: 0 | HK49: 0 | HL49: 0 | HM49: =SUM(HJ49:HL49) -> 0 | HN49: =HA49+HE49+HI49+HM49 -> 2.588239 | HO49: 0 | HP49: 0 | HR49: =SUM(HO49:HQ49) -> 0 | HV49: =SUM(HS49:HU49) -> 0 | HZ49: =SUM(HW49:HY49) -> 0 | ID49: =SUM(IA49:IC49) -> 0 | IE49: =HR49+HV49+HZ49+ID49 -> 0
A50: 6 | B50: CP03-06 | C50: Nước uống | D50: =AR50+'1.Danh muc CPHC'!CF50+DT50+FH50+GV50 -> 3.448167 | E50: =AS50+'1.Danh muc CPHC'!CG50+DU50+FI50+GW50 -> 18.731922 | F50: =AT50+'1.Danh muc CPHC'!CH50+DV50+FJ50+GX50 -> 1.2138898 | G50: =AU50+'1.Danh muc CPHC'!CI50+DW50+FK50+GY50 -> 1.1408661 | H50: =AV50+'1.Danh muc CPHC'!CJ50+DX50+FL50+GZ50 -> 1.2050565 | I50: =SUM(F50:H50) -> 3.5598124 | J50: =AX50+CL50+DZ50+FN50+HB50 -> 0.96045 | K50: =AY50+CM50+EA50+FO50+HC50 -> 0.481472 | L50: =AZ50+CN50+EB50+FP50+HD50 -> 0.583305 | M50: =SUM(J50:L50) -> 2.025227 | N50: =BB50+CP50+ED50+FR50+HF50 -> 0.683828 | O50: =BC50+CQ50+EE50+FS50+HG50 -> 0.551086 | P50: =BD50+CR50+EF50+FT50+HH50 -> 0.345946 | Q50: =SUM(N50:P50) -> 1.58086 | R50: =BF50+CT50+EH50+FV50+HJ50 -> 0.400184 | S50: =BG50+CU50+EI50+FW50+HK50 -> 0.177131 | T50: =BH50+CV50+EJ50+FX50+HL50 -> 0.16565 | U50: =SUM(R50:T50) -> 0.742965 | V50: =I50+M50+Q50+U50 -> 7.9088644 | W50: =BK50+CY50+EM50+GA50+HO50 -> 0 | X50: =BL50+DM50+EN50+GB50+HP50 -> 0 | Y50: =BM50+DN50+EO50+GC50+HQ50 -> 0 | Z50: =SUM(W50:Y50) -> 0 | AA50: =BO50+DC50+EQ50+GE50+HS50 -> 0 | AB50: =BP50+DD50+ER50+GF50+HT50 -> 0 | AC50: =BQ50+DE50+ES50+GG50+HU50 -> 0 | AD50: =BR50+DF50+ET50+GH50+HV50 -> 0 | AE50: =BS50+DG50+EU50+GI50+HW50 -> 0 | AF50: =BT50+DH50+EV50+GJ50+HX50 -> 0 | AG50: =BU50+DI50+EW50+GK50+HY50 -> 0 | AH50: =BV50+DJ50+EX50+GL50+HZ50 -> 0 | ... AL50: =BZ50+DN50+FB50+GP50+ID50 -> 0 | AM50: =Z50+AD50+AH50+AL50 -> 0 | AO50: 6 | AP50: CP03-06 | AQ50: Nước uống | AR50: 1.8764667 | AS50: 6.5434477 | AT50: 0.680085 | AU50: 0.6291126 | AV50: 0.6493554 | AW50: =SUM(AT50:AV50) -> 1.958553 | AX50: 0.673918 | AY50: 0.189595 | AZ50: 0.314974 | BA50: =SUM(AX50:AZ50) -> 1.178487 | BB50: 0.45441 | BC50: 0.286954 | BD50: 0.150438 | BE50: =SUM(BB50:BD50) -> 0.891802 | BF50: 0.400184 | BG50: 0.177131 | BH50: 0.16565 | BI50: =SUM(BF50:BH50) -> 0.742965 | BJ50: =+AW50+BA50+BE50+BI50 -> 4.771807 | BN50: =SUM(BK50:BM50) -> 0 | BR50: =SUM(BO50:BQ50) -> 0 | BV50: =SUM(BS50:BU50) -> 0 | BZ50: =SUM(BW50:BY50) -> 0 | CA50: =+BN50+BR50+BV50+BZ50 -> 0 | CC50: 6 | CD50: CP03-06 | CE50: Nước uống | CF50: 0.2084963 | CG50: 3.4995507 | CH50: 0.25604176 | CI50: 0.21485354 | CJ50: 0.26182812 | CK50: 0.73272342 | CO50: 0 | CS50: 0 | CW50: 0 | CX50: 0.73272342 | DQ50: 6 | DR50: CP03-06 | DS50: Nước uống | DT50: 0.3 | DU50: 1.2 | DV50: 0.072005 | DW50: 0.072005 | DX50: 0.056005 | DY50: =SUM(DV50:DX50) -> 0.200015 | DZ50: 0.056005 | EA50: 0.052895 | EB50: 0.063781 | EC50: =SUM(DZ50:EB50) -> 0.172681 | ED50: 0.03864 | EE50: 0.07224 | EF50: 0.03864 | EG50: =SUM(ED50:EF50) -> 0.14952 | EH50: 0 | EI50: 0 | EJ50: 0 | EK50: =SUM(EH50:EJ50) -> 0 | EL50: =+DY50+EC50+EG50+EK50 -> 0.522216 | EP50: =SUM(EM50:EO50) -> 0 | FE50: 6 | FF50: CP03-06 | FG50: Nước uống | FH50: 0.557164 | FI50: 5.432004 | FJ50: 0.080958 | FK50: 0.112095 | FL50: 0.105868 | FM50: =SUM(FJ50:FL50) -> 0.298921 | FN50: 0.096527 | FO50: 0.108982 | FP50: 0.12455 | FQ50: =SUM(FN50:FP50) -> 0.330059 | FR50: 0.130778 | FS50: 0.133892 | FT50: 0.105868 | FU50: =SUM(FR50:FT50) -> 0.370538 | FV50: 0 | FW50: 0 | FX50: 0 | FY50: =SUM(FV50:FX50) -> 0 | FZ50: =+FM50+FQ50+FU50+FY50 -> 0.999518 | GD50: =SUM(GA50:GC50) -> 0 | GH50: =SUM(GE50:GG50) -> 0 | GL50: =SUM(GI50:GK50) -> 0 | GP50: =SUM(GM50:GO50) -> 0 | GQ50: =+GD50+GH50+GL50+GP50 -> 0 | GS50: 6 | GT50: CP03-06 | GU50: Nước uống | GV50: 0.50604 | GW50: 2.05692 | GX50: 0.1248 | GY50: 0.1128 | GZ50: 0.132 | HA50: =SUM(GX50:GZ50) -> 0.3696 | HB50: 0.134 | HC50: 0.13 | HD50: 0.08 | HE50: =SUM(HB50:HD50) -> 0.344 | HF50: 0.06 | HG50: 0.058 | HH50: 0.051 | HI50: =SUM(HF50:HH50) -> 0.169 | HJ50: 0 | HK50: 0 | HL50: 0 | HM50: =SUM(HJ50:HL50) -> 0 | HN50: =HA50+HE50+HI50+HM50 -> 0.8826 | HO50: 0 | HP50: 0 | HR50: =SUM(HO50:HQ50) -> 0 | HV50: =SUM(HS50:HU50) -> 0 | HZ50: =SUM(HW50:HY50) -> 0 | ID50: =SUM(IA50:IC50) -> 0 | IE50: =HR50+HV50+HZ50+ID50 -> 0
A51: 7 | B51: CP03-07 | C51: Chi phí xử lý chất thải (nước thải, rác), phí vệ sinh | D51: =AR51+'1.Danh muc CPHC'!CF51+DT51+FH51+GV51 -> 25.126397 | E51: =AS51+'1.Danh muc CPHC'!CG51+DU51+FI51+GW51 -> 75.359068 | F51: =AT51+'1.Danh muc CPHC'!CH51+DV51+FJ51+GX51 -> 6.787216 | G51: =AU51+'1.Danh muc CPHC'!CI51+DW51+FK51+GY51 -> 7.441805 | H51: =AV51+'1.Danh muc CPHC'!CJ51+DX51+FL51+GZ51 -> 8.220482 | I51: =SUM(F51:H51) -> 22.449503 | J51: =AX51+CL51+DZ51+FN51+HB51 -> 6.333943 | K51: =AY51+CM51+EA51+FO51+HC51 -> 8.854672 | L51: =AZ51+CN51+EB51+FP51+HD51 -> 7.988965 | M51: =SUM(J51:L51) -> 23.17758 | N51: =BB51+CP51+ED51+FR51+HF51 -> 8.512099 | O51: =BC51+CQ51+EE51+FS51+HG51 -> 10.600778 | P51: =BD51+CR51+EF51+FT51+HH51 -> 6.437073 | Q51: =SUM(N51:P51) -> 25.54995 | R51: =BF51+CT51+EH51+FV51+HJ51 -> 7.500044 | S51: =BG51+CU51+EI51+FW51+HK51 -> 6.501877 | T51: =BH51+CV51+EJ51+FX51+HL51 -> 12.579913 | U51: =SUM(R51:T51) -> 26.581834 | V51: =I51+M51+Q51+U51 -> 97.758867 | W51: =BK51+CY51+EM51+GA51+HO51 -> 0 | X51: =BL51+DM51+EN51+GB51+HP51 -> 0 | Y51: =BM51+DN51+EO51+GC51+HQ51 -> 0 | Z51: =SUM(W51:Y51) -> 0 | AA51: =BO51+DC51+EQ51+GE51+HS51 -> 0 | AB51: =BP51+DD51+ER51+GF51+HT51 -> 0 | AC51: =BQ51+DE51+ES51+GG51+HU51 -> 0 | AD51: =BR51+DF51+ET51+GH51+HV51 -> 0 | AE51: =BS51+DG51+EU51+GI51+HW51 -> 0 | AF51: =BT51+DH51+EV51+GJ51+HX51 -> 0 | AG51: =BU51+DI51+EW51+GK51+HY51 -> 0 | AH51: =BV51+DJ51+EX51+GL51+HZ51 -> 0 | ... AL51: =BZ51+DN51+FB51+GP51+ID51 -> 0 | AM51: =Z51+AD51+AH51+AL51 -> 0 | AO51: 7 | AP51: CP03-07 | AQ51: Chi phí xử lý chất thải (nước thải, rác), phí vệ sinh | AR51: 21.094678 | AS51: 64.650608 | AT51: 4.9974768 | AU51: 5.2284933 | AV51: 5.2284924 | AW51: =SUM(AT51:AV51) -> 15.454463 | AX51: 5.565052 | AY51: 6.484348 | AZ51: 5.986396 | BA51: =SUM(AX51:AZ51) -> 18.035796 | BB51: 6.188241 | BC51: 7.672311 | BD51: 5.278024 | BE51: =SUM(BB51:BD51) -> 19.138576 | BF51: 7.0673 | BG51: 5.507848 | BH51: 5.890884 | BI51: =SUM(BF51:BH51) -> 18.466032 | BJ51: =+AW51+BA51+BE51+BI51 -> 71.094866 | BN51: =SUM(BK51:BM51) -> 0 | BR51: =SUM(BO51:BQ51) -> 0 | BV51: =SUM(BS51:BU51) -> 0 | BZ51: =SUM(BW51:BY51) -> 0 | CA51: =+BN51+BR51+BV51+BZ51 -> 0 | CC51: 7 | CD51: CP03-07 | CE51: Chi phí xử lý chất thải (nước thải, rác), phí vệ sinh | CF51: 2.3438531 | CG51: 3.32 | CH51: 0.6932752 | CI51: 0.7189437 | CJ51: 0.8569436 | CK51: 2.2691625 | CO51: 0 | CS51: 0 | CW51: 0 | CX51: 2.2691625 | DQ51: 7 | DR51: CP03-07 | DS51: Chi phí xử lý chất thải (nước thải, rác), phí vệ sinh | DT51: 0 | DU51: 0 | DV51: 0 | DW51: 0 | DX51: 0.680393 | DY51: =SUM(DV51:DX51) -> 0.680393 | DZ51: 0.680393 | EA51: 0.680393 | EB51: 0.680393 | EC51: =SUM(DZ51:EB51) -> 2.041179 | ED51: 0.680393 | EE51: 0.680393 | EF51: 0.680393 | EG51: =SUM(ED51:EF51) -> 2.041179 | EH51: 0 | EI51: 0.680393 | EJ51: 6.375393 | EK51: =SUM(EH51:EJ51) -> 7.055786 | EL51: =+DY51+EC51+EG51+EK51 -> 11.818537 | EP51: =SUM(EM51:EO51) -> 0 | FE51: 7 | FF51: CP03-07 | FG51: Chi phí xử lý chất thải (nước thải, rác), phí vệ sinh | FH51: 1.155592 | FI51: 4.506635 | FJ51: 0.063131 | FK51: 0.084672 | FL51: 0.044956 | FM51: =SUM(FJ51:FL51) -> 0.192759 | FN51: 0.088498 | FO51: 0.091368 | FP51: 0.099976 | FQ51: =SUM(FN51:FP51) -> 0.279842 | FR51: 0.107629 | FS51: 0.182238 | FT51: 0.16502 | FU51: =SUM(FR51:FT51) -> 0.454887 | FV51: 0.119108 | FW51: 0 | FX51: 0 | FY51: =SUM(FV51:FX51) -> 0.119108 | FZ51: =+FM51+FQ51+FU51+FY51 -> 1.046596 | GD51: =SUM(GA51:GC51) -> 0 | GH51: =SUM(GE51:GG51) -> 0 | GL51: =SUM(GI51:GK51) -> 0 | GP51: =SUM(GM51:GO51) -> 0 | GQ51: =+GD51+GH51+GL51+GP51 -> 0 | GS51: 7 | GT51: CP03-07 | GU51: Chi phí xử lý chất thải (nước thải, rác), phí vệ sinh | GV51: 0.532274 | GW51: 2.881825 | GX51: 1.033333 | GY51: 1.409696 | GZ51: 1.409697 | HA51: =SUM(GX51:GZ51) -> 3.852726 | HB51: 0 | HC51: 1.598563 | HD51: 1.2222 | HE51: =SUM(HB51:HD51) -> 2.820763 | HF51: 1.535836 | HG51: 2.065836 | HH51: 0.313636 | HI51: =SUM(HF51:HH51) -> 3.915308 | HJ51: 0.313636 | HK51: 0.313636 | HL51: 0.313636 | HM51: =SUM(HJ51:HL51) -> 0.940908 | HN51: =HA51+HE51+HI51+HM51 -> 11.529705 | HO51: 0 | HP51: 0 | HR51: =SUM(HO51:HQ51) -> 0 | HV51: =SUM(HS51:HU51) -> 0 | HZ51: =SUM(HW51:HY51) -> 0 | ID51: =SUM(IA51:IC51) -> 0 | IE51: =HR51+HV51+HZ51+ID51 -> 0
A52: 8 | B52: CP03-09 | C52: Xăng, dầu dùng cho quản lí văn phòng | D52: =AR52+'1.Danh muc CPHC'!CF52+DT52+FH52+GV52 -> 50.144375 | E52: =AS52+'1.Danh muc CPHC'!CG52+DU52+FI52+GW52 -> 232.95245 | F52: =AT52+'1.Danh muc CPHC'!CH52+DV52+FJ52+GX52 -> 11.751487 | G52: =AU52+'1.Danh muc CPHC'!CI52+DW52+FK52+GY52 -> 12.332138 | H52: =AV52+'1.Danh muc CPHC'!CJ52+DX52+FL52+GZ52 -> 10.497816 | I52: =SUM(F52:H52) -> 34.581441 | J52: =AX52+CL52+DZ52+FN52+HB52 -> 13.454696 | K52: =AY52+CM52+EA52+FO52+HC52 -> 12.939468 | L52: =AZ52+CN52+EB52+FP52+HD52 -> 10.718593 | M52: =SUM(J52:L52) -> 37.112757 | N52: =BB52+CP52+ED52+FR52+HF52 -> 16.275948 | O52: =BC52+CQ52+EE52+FS52+HG52 -> 11.897268 | P52: =BD52+CR52+EF52+FT52+HH52 -> 13.223392 | Q52: =SUM(N52:P52) -> 41.396608 | R52: =BF52+CT52+EH52+FV52+HJ52 -> 7.033555 | S52: =BG52+CU52+EI52+FW52+HK52 -> 6.522689 | T52: =BH52+CV52+EJ52+FX52+HL52 -> 9.137118 | U52: =SUM(R52:T52) -> 22.693362 | V52: =I52+M52+Q52+U52 -> 135.78417 | W52: =BK52+CY52+EM52+GA52+HO52 -> 0 | X52: =BL52+DM52+EN52+GB52+HP52 -> 0.349444 | Y52: =BM52+DN52+EO52+GC52+HQ52 -> 0 | Z52: =SUM(W52:Y52) -> 0.349444 | AA52: =BO52+DC52+EQ52+GE52+HS52 -> 0 | AB52: =BP52+DD52+ER52+GF52+HT52 -> 0 | AC52: =BQ52+DE52+ES52+GG52+HU52 -> 0 | AD52: =BR52+DF52+ET52+GH52+HV52 -> 0 | AE52: =BS52+DG52+EU52+GI52+HW52 -> 0 | AF52: =BT52+DH52+EV52+GJ52+HX52 -> 0 | AG52: =BU52+DI52+EW52+GK52+HY52 -> 0 | AH52: =BV52+DJ52+EX52+GL52+HZ52 -> 0 | ... AL52: =BZ52+DN52+FB52+GP52+ID52 -> 0 | AM52: =Z52+AD52+AH52+AL52 -> 0.349444 | AO52: 8 | AP52: CP03-09 | AQ52: Xăng, dầu dùng cho quản lí văn phòng | AR52: 21.468163 | AS52: 60.01936 | AT52: 4.5 | AU52: 5.2758288 | AV52: 5.8106763 | AW52: =SUM(AT52:AV52) -> 15.586505 | AX52: 7.720957 | AY52: 7.558042 | AZ52: 4.327066 | BA52: =SUM(AX52:AZ52) -> 19.606065 | BB52: 11.434802 | BC52: 8.82625 | BD52: 7.398022 | BE52: =SUM(BB52:BD52) -> 27.659074 | BF52: 4.828055 | BG52: 4.529448 | BH52: 5.864266 | BI52: =SUM(BF52:BH52) -> 15.221769 | BJ52: =+AW52+BA52+BE52+BI52 -> 78.073413 | BN52: =SUM(BK52:BM52) -> 0 | BR52: =SUM(BO52:BQ52) -> 0 | BV52: =SUM(BS52:BU52) -> 0 | BZ52: =SUM(BW52:BY52) -> 0 | CA52: =+BN52+BR52+BV52+BZ52 -> 0 | CC52: 8 | CD52: CP03-09 | CE52: Xăng, dầu dùng cho quản lí văn phòng | CF52: 2.3853514 | CG52: 35.415732 | CH52: 1.2895696 | CI52: 0.97618148 | CJ52: 1.0070381 | CK52: 3.2727891 | CO52: 0 | CS52: 0 | CW52: 0 | CX52: 3.2727891 | DQ52: 8 | DR52: CP03-09 | DS52: Xăng, dầu dùng cho quản lí văn phòng | DT52: 4.653318 | DU52: 26.122725 | DV52: 1.713272 | DW52: 1.628182 | DX52: 1.860545 | DY52: =SUM(DV52:DX52) -> 5.201999 | DZ52: 1.250183 | EA52: 1.684453 | EB52: 1.395819 | EC52: =SUM(DZ52:EB52) -> 4.330455 | ED52: 0.833101 | EE52: 2.069953 | EF52: 0.948148 | EG52: =SUM(ED52:EF52) -> 3.851202 | EH52: 0.624944 | EI52: 0.193241 | EJ52: 1.472852 | EK52: =SUM(EH52:EJ52) -> 2.291037 | EL52: =+DY52+EC52+EG52+EK52 -> 15.674693 | EP52: =SUM(EM52:EO52) -> 0 | FE52: 8 | FF52: CP03-09 | FG52: Xăng, dầu dùng cho quản lí văn phòng | FH52: 10.998999 | FI52: 56.851928 | FJ52: 1.734897 | FK52: 2.110628 | FL52: 1.819557 | FM52: =SUM(FJ52:FL52) -> 5.665082 | FN52: 2.974828 | FO52: 2.432245 | FP52: 2.417482 | FQ52: =SUM(FN52:FP52) -> 7.824555 | FR52: 2.406796 | FS52: 1.001065 | FT52: 3.916111 | FU52: =SUM(FR52:FT52) -> 7.323972 | FV52: 0 | FW52: 0 | FX52: 0 | FY52: =SUM(FV52:FX52) -> 0 | FZ52: =+FM52+FQ52+FU52+FY52 -> 20.813609 | GD52: =SUM(GA52:GC52) -> 0 | GH52: =SUM(GE52:GG52) -> 0 | GL52: =SUM(GI52:GK52) -> 0 | GP52: =SUM(GM52:GO52) -> 0 | GQ52: =+GD52+GH52+GL52+GP52 -> 0 | GS52: 8 | GT52: CP03-09 | GU52: Xăng, dầu dùng cho quản lí văn phòng | GV52: 10.638544 | GW52: 54.542702 | GX52: 2.513748 | GY52: 2.341318 | GZ52: 0 | HA52: =SUM(GX52:GZ52) -> 4.855066 | HB52: 1.508728 | HC52: 1.264728 | HD52: 2.578226 | HE52: =SUM(HB52:HD52) -> 5.351682 | HF52: 1.601249 | HG52: 0 | HH52: 0.961111 | HI52: =SUM(HF52:HH52) -> 2.56236 | HJ52: 1.580556 | HK52: 1.8 | HL52: 1.8 | HM52: =SUM(HJ52:HL52) -> 5.180556 | HN52: =HA52+HE52+HI52+HM52 -> 17.949664 | HO52: 0 | HP52: 0.349444 | HR52: =SUM(HO52:HQ52) -> 0.349444 | HV52: =SUM(HS52:HU52) -> 0 | HZ52: =SUM(HW52:HY52) -> 0 | ID52: =SUM(IA52:IC52) -> 0 | IE52: =HR52+HV52+HZ52+ID52 -> 0.349444
A53: 9 | B53: CP03-10 | C53: Phí môi trường (chăm sóc cây xanh, thảm cỏ) | D53: =AR53+'1.Danh muc CPHC'!CF53+DT53+FH53+GV53 -> 7.167389 | E53: =AS53+'1.Danh muc CPHC'!CG53+DU53+FI53+GW53 -> 25.707866 | F53: =AT53+'1.Danh muc CPHC'!CH53+DV53+FJ53+GX53 -> 1.660376 | G53: =AU53+'1.Danh muc CPHC'!CI53+DW53+FK53+GY53 -> 3.005376 | H53: =AV53+'1.Danh muc CPHC'!CJ53+DX53+FL53+GZ53 -> 10.485685 | I53: =SUM(F53:H53) -> 15.151437 | J53: =AX53+CL53+DZ53+FN53+HB53 -> 10.30623 | K53: =AY53+CM53+EA53+FO53+HC53 -> 5.980677 | L53: =AZ53+CN53+EB53+FP53+HD53 -> 10.973395 | M53: =SUM(J53:L53) -> 27.260302 | N53: =BB53+CP53+ED53+FR53+HF53 -> 6.068476 | O53: =BC53+CQ53+EE53+FS53+HG53 -> 6.748477 | P53: =BD53+CR53+EF53+FT53+HH53 -> 7.935143 | Q53: =SUM(N53:P53) -> 20.752096 | R53: =BF53+CT53+EH53+FV53+HJ53 -> 6.965452 | S53: =BG53+CU53+EI53+FW53+HK53 -> 5.135143 | T53: =BH53+CV53+EJ53+FX53+HL53 -> 5.73647 | U53: =SUM(R53:T53) -> 17.837065 | V53: =I53+M53+Q53+U53 -> 81.0009 | W53: =BK53+CY53+EM53+GA53+HO53 -> 2.071333 | X53: =BL53+DM53+EN53+GB53+HP53 -> 0.601334 | Y53: =BM53+DN53+EO53+GC53+HQ53 -> 0 | Z53: =SUM(W53:Y53) -> 2.672667 | AA53: =BO53+DC53+EQ53+GE53+HS53 -> 0 | AB53: =BP53+DD53+ER53+GF53+HT53 -> 0 | AC53: =BQ53+DE53+ES53+GG53+HU53 -> 0 | AD53: =BR53+DF53+ET53+GH53+HV53 -> 0 | AE53: =BS53+DG53+EU53+GI53+HW53 -> 0 | AF53: =BT53+DH53+EV53+GJ53+HX53 -> 0 | AG53: =BU53+DI53+EW53+GK53+HY53 -> 0 | AH53: =BV53+DJ53+EX53+GL53+HZ53 -> 0 | ... AL53: =BZ53+DN53+FB53+GP53+ID53 -> 0 | AM53: =Z53+AD53+AH53+AL53 -> 2.672667 | AO53: 9 | AP53: CP03-10 | AQ53: Phí môi trường (chăm sóc cây xanh, thảm cỏ) | AR53: 0 | AS53: 0 | AT53: 0 | AU53: 0 | AV53: 5.4677781 | AW53: =SUM(AT53:AV53) -> 5.4677781 | AX53: 6.078309 | AY53: 4.630309 | AZ53: 5.283642 | BA53: =SUM(AX53:AZ53) -> 15.99226 | BB53: 5.401809 | BC53: 6.08181 | BD53: 4.468476 | BE53: =SUM(BB53:BD53) -> 15.952095 | BF53: 6.298785 | BG53: 4.468476 | BH53: 4.468474 | BI53: =SUM(BF53:BH53) -> 15.235735 | BJ53: =+AW53+BA53+BE53+BI53 -> 52.647868 | BN53: =SUM(BK53:BM53) -> 0 | BR53: =SUM(BO53:BQ53) -> 0 | BV53: =SUM(BS53:BU53) -> 0 | BZ53: =SUM(BW53:BY53) -> 0 | CA53: =+BN53+BR53+BV53+BZ53 -> 0 | CC53: 9 | CD53: CP03-10 | CE53: Phí môi trường (chăm sóc cây xanh, thảm cỏ) | CF53: 0 | CG53: 0.50654459 | CH53: 0 | CI53: 0 | CJ53: 0.6075309 | CK53: 0.6075309 | CO53: 0 | CS53: 0 | CW53: 0 | CX53: 0.6075309 | DQ53: 9 | DR53: CP03-10 | DS53: Phí môi trường (chăm sóc cây xanh, thảm cỏ) | DT53: 0 | DU53: 3 | DV53: 0 | DW53: 0 | DX53: 0 | DY53: =SUM(DV53:DX53) -> 0 | DZ53: 0 | EA53: 0 | EB53: 0 | EC53: =SUM(DZ53:EB53) -> 0 | ED53: 0 | EE53: 0 | EF53: 0 | EG53: =SUM(ED53:EF53) -> 0 | EH53: 0 | EI53: 0 | EJ53: 0 | EK53: =SUM(EH53:EJ53) -> 0 | EL53: =+DY53+EC53+EG53+EK53 -> 0 | EP53: =SUM(EM53:EO53) -> 0 | FE53: 9 | FF53: CP03-10 | FG53: Phí môi trường (chăm sóc cây xanh, thảm cỏ) | FH53: 2.345587 | FI53: 6.824834 | FJ53: 0.31 | FK53: 0.95 | FL53: 0 | FM53: =SUM(FJ53:FL53) -> 1.26 | FN53: 0 | FO53: 0 | FP53: 1.36 | FQ53: =SUM(FN53:FP53) -> 1.36 | FR53: 0 | FS53: 0 | FT53: 0 | FU53: =SUM(FR53:FT53) -> 0 | FV53: 0 | FW53: 0 | FX53: 0 | FY53: =SUM(FV53:FX53) -> 0 | FZ53: =+FM53+FQ53+FU53+FY53 -> 2.62 | GD53: =SUM(GA53:GC53) -> 0 | GH53: =SUM(GE53:GG53) -> 0 | GL53: =SUM(GI53:GK53) -> 0 | GP53: =SUM(GM53:GO53) -> 0 | GQ53: =+GD53+GH53+GL53+GP53 -> 0 | GS53: 9 | GT53: CP03-10 | GU53: Phí môi trường (chăm sóc cây xanh, thảm cỏ) | GV53: 4.821802 | GW53: 15.376487 | GX53: 1.350376 | GY53: 2.055376 | GZ53: 4.410376 | HA53: =SUM(GX53:GZ53) -> 7.816128 | HB53: 4.227921 | HC53: 1.350368 | HD53: 4.329753 | HE53: =SUM(HB53:HD53) -> 9.908042 | HF53: 0.666667 | HG53: 0.666667 | HH53: 3.466667 | HI53: =SUM(HF53:HH53) -> 4.800001 | HJ53: 0.666667 | HK53: 0.666667 | HL53: 1.267996 | HM53: =SUM(HJ53:HL53) -> 2.60133 | HN53: =HA53+HE53+HI53+HM53 -> 25.125501 | HO53: 2.071333 | HP53: 0.601334 | HR53: =SUM(HO53:HQ53) -> 2.672667 | HV53: =SUM(HS53:HU53) -> 0 | HZ53: =SUM(HW53:HY53) -> 0 | ID53: =SUM(IA53:IC53) -> 0 | IE53: =HR53+HV53+HZ53+ID53 -> 2.672667
